-- phpMyAdmin SQL Dump
-- version 5.2.1
-- https://www.phpmyadmin.net/
--
-- Anamakine: 127.0.0.1
-- Üretim Zamanı: 21 Oca 2024, 22:11:27
-- Sunucu sürümü: 10.4.32-MariaDB
-- PHP Sürümü: 8.0.30

SET SQL_MODE = "NO_AUTO_VALUE_ON_ZERO";
START TRANSACTION;
SET time_zone = "+00:00";


/*!40101 SET @OLD_CHARACTER_SET_CLIENT=@@CHARACTER_SET_CLIENT */;
/*!40101 SET @OLD_CHARACTER_SET_RESULTS=@@CHARACTER_SET_RESULTS */;
/*!40101 SET @OLD_COLLATION_CONNECTION=@@COLLATION_CONNECTION */;
/*!40101 SET NAMES utf8mb4 */;

--
-- Veritabanı: `müze_veri_tabanı`
--

-- --------------------------------------------------------

--
-- Tablo için tablo yapısı `aylik_satis`
--

CREATE TABLE `aylik_satis` (
  `satıs_id` int(11) NOT NULL,
  `Tarih` date DEFAULT NULL,
  `EtkinlikID` int(11) DEFAULT NULL,
  `Bilet_tipi` text DEFAULT NULL,
  `birim_fiyat` int(11) DEFAULT NULL,
  `toplam_gelir` int(11) DEFAULT NULL,
  `Satıs_miktari` int(11) DEFAULT NULL
) ENGINE=InnoDB DEFAULT CHARSET=utf8mb4 COLLATE=utf8mb4_general_ci;

--
-- Tablo döküm verisi `aylik_satis`
--

INSERT INTO `aylik_satis` (`satıs_id`, `Tarih`, `EtkinlikID`, `Bilet_tipi`, `birim_fiyat`, `toplam_gelir`, `Satıs_miktari`) VALUES
(1, '2023-12-01', 1, 'Öğrenci', 350, 46900, 134),
(2, '2023-12-01', 1, 'Ücretli', 500, 65000, 130),
(3, '2023-12-01', 1, 'İndirimli', 400, 54400, 136),
(4, '2023-12-02', NULL, 'Öğrenci', NULL, NULL, NULL),
(5, '2023-12-02', NULL, 'Ücretli', NULL, NULL, NULL),
(6, '2023-12-02', NULL, 'İndirimli', NULL, NULL, NULL),
(7, '2023-12-03', 2, 'Öğrenci', 50, 1400, 28),
(8, '2023-12-03', 2, 'Ücretli', 180, 4140, 23),
(9, '2023-12-03', 2, 'İndirimli', 90, 2700, 30),
(10, '2023-12-04', NULL, 'Öğrenci', NULL, NULL, NULL),
(11, '2023-12-04', NULL, 'Ücretli', NULL, NULL, NULL),
(12, '2023-12-04', NULL, 'İndirimli', NULL, NULL, NULL),
(13, '2023-12-05', 3, 'Öğrenci', 50, 1550, 31),
(14, '2023-12-05', 3, 'Ücretli', 75, 2625, 35),
(15, '2023-12-05', 3, 'İndirimli', 100, 3400, 34),
(16, '2023-12-06', 4, 'Öğrenci', 100, 2700, 27),
(17, '2023-12-06', 4, 'Ücretli', 250, 6750, 27),
(18, '2023-12-06', 4, 'İndirimli', 125, 3250, 26),
(19, '2023-12-07', 5, 'Öğrenci', 150, 1500, 10),
(20, '2023-12-07', 5, 'Ücretli', 490, 4900, 10),
(21, '2023-12-07', 5, 'İndirimli', 245, 2450, 10),
(22, '2023-12-08', NULL, 'Öğrenci', NULL, NULL, NULL),
(23, '2023-12-08', NULL, 'Ücretli', NULL, NULL, NULL),
(24, '2023-12-08', NULL, 'İndirimli', NULL, NULL, NULL),
(25, '2023-12-09', 6, 'Öğrenci', 500, 20500, 41),
(26, '2023-12-09', 6, 'Ücretli', 1000, 40000, 40),
(27, '2023-12-09', 6, 'İndirimli', 750, 28500, 38),
(28, '2023-12-10', 7, 'Öğrenci', 400, 10000, 25),
(29, '2023-12-10', 7, 'Ücretli', 1250, 243750, 195),
(30, '2023-12-10', 7, 'İndirimli', 750, 18750, 25),
(31, '2023-12-11', NULL, 'Öğrenci', NULL, NULL, NULL),
(32, '2023-12-11', NULL, 'Ücretli', NULL, NULL, NULL),
(33, '2023-12-11', NULL, 'İndirimli', NULL, NULL, NULL),
(34, '2023-12-12', NULL, 'Öğrenci', NULL, NULL, NULL),
(35, '2023-12-12', NULL, 'Ücretli', NULL, NULL, NULL),
(36, '2023-12-12', NULL, 'İndirimli', NULL, NULL, NULL),
(37, '2023-12-13', 8, 'Öğrenci', 150, 11250, 75),
(38, '2023-12-13', 8, 'Ücretli', 400, 0, 0),
(39, '2023-12-13', 8, 'İndirimli', 300, 22500, 75),
(40, '2023-12-14', NULL, 'Öğrenci', NULL, NULL, NULL),
(41, '2023-12-14', NULL, 'Ücretli', NULL, NULL, NULL),
(42, '2023-12-14', NULL, 'İndirimli', NULL, NULL, NULL),
(43, '2023-12-15', NULL, 'Öğrenci', NULL, NULL, NULL),
(44, '2023-12-15', NULL, 'Ücretli', NULL, NULL, NULL),
(45, '2023-12-15', NULL, 'İndirimli', NULL, NULL, NULL),
(46, '2023-12-16', 9, 'Öğrenci', 25, 1675, 67),
(47, '2023-12-16', 9, 'Ücretli', 130, 8840, 68),
(48, '2023-12-16', 9, 'İndirimli', 65, 4225, 65),
(49, '2023-12-17', 10, 'Öğrenci', 50, 1400, 28),
(50, '2023-12-17', 10, 'Ücretli', 140, 3220, 23),
(51, '2023-12-17', 10, 'İndirimli', 75, 2250, 30),
(52, '2023-12-18', 11, 'Öğrenci', 100, 3100, 31),
(53, '2023-12-18', 11, 'Ücretli', 250, 8750, 35),
(54, '2023-12-18', 11, 'İndirimli', 150, 5100, 34),
(55, '2023-12-19', 12, 'Öğrenci', 50, 1350, 27),
(56, '2023-12-19', 12, 'Ücretli', 180, 4860, 27),
(57, '2023-12-19', 12, 'İndirimli', 100, 2600, 26),
(58, '2023-12-20', 13, 'Öğrenci', 25, 250, 10),
(59, '2023-12-20', 13, 'Ücretli', 100, 1000, 10),
(60, '2023-12-20', 13, 'İndirimli', 50, 500, 10),
(61, '2023-12-21', 14, 'Öğrenci', 10, 410, 41),
(62, '2023-12-21', 14, 'Ücretli', 80, 3200, 40),
(63, '2023-12-21', 14, 'İndirimli', 50, 760, 38),
(64, '2023-12-22', NULL, 'Öğrenci', NULL, NULL, NULL),
(65, '2023-12-22', NULL, 'Ücretli', NULL, NULL, NULL),
(66, '2023-12-22', NULL, 'İndirimli', NULL, NULL, NULL),
(67, '2023-12-23', 15, 'Öğrenci', 150, 3750, 25),
(68, '2023-12-23', 15, 'Ücretli', 490, 95550, 195),
(69, '2023-12-23', 15, 'İndirimli', 300, 7500, 25),
(70, '2023-12-24', 16, 'Öğrenci', 250, 18750, 75),
(71, '2023-12-24', 16, 'Ücretli', 1000, 0, 0),
(72, '2023-12-24', 16, 'İndirimli', 500, 37500, 75),
(73, '2023-12-25', 17, 'Öğrenci', 25, NULL, NULL),
(74, '2023-12-25', 17, 'Ücretli', 110, NULL, NULL),
(75, '2023-12-25', 17, 'İndirimli', 50, NULL, NULL),
(76, '2023-12-26', 18, 'Öğrenci', 100, 2800, 28),
(77, '2023-12-26', 18, 'Ücretli', 400, 9200, 23),
(78, '2023-12-26', 18, 'İndirimli', 300, 9000, 30),
(79, '2023-12-27', 19, 'Öğrenci', 30, 930, 31),
(80, '2023-12-27', 19, 'Ücretli', 130, 1550, 35),
(81, '2023-12-27', 19, 'İndirimli', 75, 3000, 40),
(82, '2023-12-28', NULL, 'Öğrenci', NULL, NULL, NULL),
(83, '2023-12-28', NULL, 'Ücretli', NULL, NULL, NULL),
(84, '2023-12-28', NULL, 'İndirimli', NULL, NULL, NULL),
(85, '2023-12-29', NULL, 'Öğrenci', NULL, NULL, NULL),
(86, '2023-12-29', NULL, 'Ücretli', NULL, NULL, NULL),
(87, '2023-12-29', NULL, 'İndirimli', NULL, NULL, NULL),
(88, '2023-12-30', NULL, 'Öğrenci', NULL, NULL, NULL),
(89, '2023-12-30', NULL, 'Ücretli', NULL, NULL, NULL),
(90, '2023-12-30', NULL, 'İndirimli', NULL, NULL, NULL),
(91, '2023-12-31', 20, 'Öğrenci', 250, 39160, 178),
(92, '2023-12-31', 20, 'Ücretli', 500, 136000, 272),
(93, '2023-12-31', 20, 'İndirimli', 400, 69600, 174);

-- --------------------------------------------------------

--
-- Tablo için tablo yapısı `calisanlar`
--

CREATE TABLE `calisanlar` (
  `CalısanID` int(11) NOT NULL,
  `Ad` varchar(50) NOT NULL,
  `Soyad` varchar(50) NOT NULL,
  `Pozisyon` varchar(50) DEFAULT NULL,
  `Maas` decimal(10,2) DEFAULT NULL,
  `Giriş_tarihi` date DEFAULT NULL
) ENGINE=InnoDB DEFAULT CHARSET=utf8mb4 COLLATE=utf8mb4_general_ci;

--
-- Tablo döküm verisi `calisanlar`
--

INSERT INTO `calisanlar` (`CalısanID`, `Ad`, `Soyad`, `Pozisyon`, `Maas`, `Giriş_tarihi`) VALUES
(1, 'Merve', 'Aydın', 'Temizlik Görevlisi', 14000.00, '2021-12-09'),
(2, 'Deniz', 'kulak', 'Temizlik Görevlisi', 14000.00, '2023-11-01'),
(3, 'Berat', 'nin', 'Temizlik Görevlisi', 17500.00, '2023-05-13'),
(4, 'Ezgi', 'Aydın', 'Temizlik Görevlisi', 14550.00, '2021-04-25'),
(5, 'İsmail', 'dolap', 'Temizlik Görevlisi', 14500.00, '2021-06-20'),
(6, 'Zehra', 'ak', 'Temizlik Görevlisi', 14500.00, '2022-05-25'),
(7, 'Gizem', 'Yılmaz', 'Temizlik Görevlisi', 14500.00, '2023-08-01'),
(8, 'Yusuf', 'kana', 'Temizlik Görevlisi', 12500.00, '2023-09-21'),
(9, 'Sude', 'bozok', 'Temizlik Görevlisi', 12500.00, '2023-11-13'),
(10, 'Sefa', 'aykı', 'Temizlik Görevlisi', 12500.00, '2021-03-03'),
(11, 'Burcu', 'çakan', 'Rehber', 18000.00, '2022-03-28'),
(12, 'Cihan', 'kahveci', 'Rehber', 15000.00, '2023-09-05'),
(13, 'Ebru', 'yılgın', 'Rehber', 15000.00, '2021-09-06'),
(14, 'Deniz', 'meli', 'Rehber', 18000.00, '2022-05-16'),
(15, 'Ahmet', 'güç', 'Rehber', 15000.00, '2022-10-23'),
(16, 'Zeynep', 'yılan', 'Rehber', 18000.00, '2022-12-08'),
(17, 'Serkan', 'kahveci', 'Rehber', 18000.00, '2022-04-03'),
(18, 'Sevda', 'alır', 'Rehber', 17000.00, '2021-06-16'),
(19, 'Okan', 'ay', 'Rehber', 15000.00, '2022-07-11'),
(20, 'Cansu', 'çiler', 'Rehber', 15000.00, '2021-04-02'),
(21, 'Ege', 'star', 'Etkinlik Koordinatörü', 70000.00, '2023-09-02'),
(22, 'Selin', 'dayık', 'Etkinlik Koordinatörü', 70000.00, '2021-08-11'),
(23, 'Alper', 'kapak', 'Etkinlik Koordinatörü', 60000.00, '2022-01-14'),
(24, 'Deniz', 'gege', 'Etkinlik Koordinatörü', 60000.00, '2021-05-09'),
(25, 'Gülşah', 'gak', 'Etkinlik Koordinatörü', 60000.00, '2022-08-25'),
(26, 'Ahmet', 'Aydın', 'Müzeci', 18000.00, '2022-03-08'),
(27, 'Merve', 'arıcı', 'Müzeci', 24000.00, '2021-12-20'),
(28, 'Ercan', 'askz', 'Müzeci', 19000.00, '2022-04-18'),
(29, 'Sude', 'naz', 'Müzeci', 18000.00, '2021-07-28'),
(30, 'Ozan', 'Güler', 'Müzeci', 18000.00, '2022-12-21'),
(31, 'Yasemin', 'ayık', 'Güvenlik', 25000.00, '2023-02-23'),
(32, 'Enes', 'ayh', 'Güvenlik', 25000.00, '2022-10-27'),
(33, 'Deniz', 'beyazıt', 'Güvenlik', 25000.00, '2023-08-29'),
(34, 'Ali', 'teli', 'Güvenlik', 25000.00, '2022-11-02'),
(35, 'Ayşe', 'bulur', 'Güvenlik', 25000.00, '2022-03-19'),
(36, 'Berk', 'bambu', 'Güvenlik', 45000.00, '2021-07-18'),
(37, 'Selma', 'Güler', 'Güvenlik', 30000.00, '2023-01-28'),
(38, 'Burak', 'çaka', 'Güvenlik', 37500.00, '2023-10-03'),
(39, 'Aylin', 'koy', 'Güvenlik', 37500.00, '2022-07-22'),
(40, 'Murat', 'asık', 'Güvenlik', 25000.00, '2023-07-03'),
(41, 'Gökhan', 'Kaya', 'Temizlik Görevlisi', 10000.00, '2022-11-07'),
(42, 'Esra', 'kuy', 'Temizlik Görevlisi', 14000.00, '2022-09-29'),
(43, 'Deniz', 'Şahin', 'Temizlik Görevlisi', 14000.00, '2021-03-03'),
(44, 'Berk', 'bomba', 'Temizlik Görevlisi', 14000.00, '2022-08-11'),
(45, 'Zeynep', 'Uysal', 'Temizlik Görevlisi', 14000.00, '2022-07-19'),
(46, 'Mehmet', 'Çetin', 'Temizlik Görevlisi', 21000.00, '2023-11-25'),
(47, 'Kübra', 'beyaz', 'Temizlik Görevlisi', 21000.00, '2021-11-14'),
(48, 'Ozan', 'fare', 'Temizlik Görevlisi', 21000.00, '2022-08-24'),
(49, 'Selma', 'yalın', 'Temizlik Görevlisi', 17000.00, '2023-08-12'),
(50, 'Kaan', 'aygı', 'Temizlik Görevlisi', 15800.00, '2023-02-18'),
(51, 'Sibel', 'kiki', 'Rehber', 15000.00, '2023-10-28'),
(52, 'Oğuz', 'tarı', 'Rehber', 18000.00, '2022-09-20'),
(53, 'Kübra', 'Demir', 'Rehber', 21000.00, '2021-02-14'),
(54, 'Engin', 'Kurtu', 'Rehber', 21000.00, '2022-06-15'),
(55, 'Sena', 'yıldın', 'Rehber', 21000.00, '2021-11-28'),
(56, 'Burak', 'yılan', 'Rehber', 21000.00, '2021-03-04'),
(57, 'Esra', 'tuz', 'Rehber', 38000.00, '2022-02-19'),
(58, 'Ahmet', 'yılın', 'Rehber', 28000.00, '2023-02-28'),
(59, 'Pelin', 'teke', 'Rehber', 28000.00, '2022-05-26'),
(60, 'Onur', 'bul', 'Rehber', 19000.00, '2021-07-04'),
(61, 'Zeynep', 'Kurt', 'Etkinlik Koordinatörü', 75000.00, '2022-05-03'),
(62, 'Oğuz', 'su', 'Etkinlik Koordinatörü', 67000.00, '2023-02-27'),
(63, 'Nazlı', 'bozuk', 'Etkinlik Koordinatörü', 65000.00, '2021-10-13'),
(64, 'Kaan', 'ayhan', 'Etkinlik Koordinatörü', 65000.00, '2021-06-11'),
(65, 'Uğur', 'kit', 'Etkinlik Koordinatörü', 65000.00, '2023-11-11'),
(66, 'Aslı', 'Çelik', 'Müzeci', 18000.00, '2021-12-26'),
(67, 'Serkan', 'Taş', 'Müzeci', 22000.00, '2023-05-02'),
(68, 'Burak', 'Demir', 'Müzeci', 20000.00, '2023-09-18'),
(69, 'Merve', 'Yıldırım', 'Müzeci', 23000.00, '2021-07-30'),
(70, 'Gizem', 'Kara', 'Müzeci', 18000.00, '2021-09-27'),
(71, 'Murat', 'dal', 'Güvenlik', 25000.00, '2022-12-16'),
(72, 'Ahmet', 'çaka', 'Güvenlik', 25000.00, '2022-07-29'),
(73, 'Cemre', 'Kurtuluş', 'Güvenlik', 25000.00, '2022-12-29'),
(74, 'Fatih', 'asık', 'Güvenlik', 25000.00, '2023-03-31'),
(75, 'Duygu', 'sav', 'Güvenlik', 25000.00, '2023-04-02'),
(76, 'Sercan', 'boz', 'Güvenlik', 25000.00, '2022-07-10'),
(77, 'Aslı', 'enver', 'Güvenlik', 25000.00, '2021-11-08'),
(78, 'Emre', 'tası', 'Güvenlik', 25000.00, '2023-09-13'),
(79, 'Ayşe', 'Kurtul', 'Güvenlik', 25000.00, '2022-12-12'),
(80, 'Gökhan', 'asık', 'Güvenlik', 25000.00, '2022-08-19');

-- --------------------------------------------------------

--
-- Tablo için tablo yapısı `calisan_salon_iliskisi`
--

CREATE TABLE `calisan_salon_iliskisi` (
  `CalisanID` int(11) NOT NULL,
  `SalonID` int(11) NOT NULL,
  `Gorev` varchar(50) DEFAULT NULL
) ENGINE=InnoDB DEFAULT CHARSET=utf8mb4 COLLATE=utf8mb4_general_ci;

--
-- Tablo döküm verisi `calisan_salon_iliskisi`
--

INSERT INTO `calisan_salon_iliskisi` (`CalisanID`, `SalonID`, `Gorev`) VALUES
(1, 2, 'temizlik'),
(1, 3, 'temizlik'),
(1, 11, 'temizlik'),
(2, 3, 'temizlik'),
(2, 4, 'temizlik'),
(2, 5, 'temizlik'),
(2, 7, 'temizlik'),
(2, 9, 'temizlik'),
(2, 10, 'temizlik'),
(3, 4, 'temizlik'),
(3, 5, 'temizlik'),
(3, 9, 'temizlik'),
(3, 10, 'temizlik'),
(4, 2, 'temizlik'),
(4, 4, 'temizlik'),
(4, 9, 'temizlik'),
(5, 2, 'temizlik'),
(5, 6, 'temizlik'),
(5, 7, 'temizlik'),
(5, 9, 'temizlik'),
(6, 2, 'temizlik'),
(6, 3, 'temizlik'),
(6, 6, 'temizlik'),
(7, 5, 'temizlik'),
(7, 6, 'temizlik'),
(7, 8, 'temizlik'),
(8, 2, 'temizlik'),
(8, 6, 'temizlik'),
(8, 8, 'temizlik'),
(9, 5, 'temizlik'),
(9, 7, 'temizlik'),
(10, 2, 'temizlik'),
(10, 4, 'temizlik'),
(10, 5, 'temizlik'),
(10, 6, 'temizlik'),
(10, 11, 'temizlik'),
(11, 2, 'rehber'),
(11, 3, 'rehber'),
(11, 6, 'rehber'),
(11, 8, 'rehber'),
(11, 9, 'rehber'),
(12, 2, 'rehber'),
(12, 3, 'rehber'),
(12, 4, 'rehber'),
(12, 9, 'rehber'),
(13, 8, 'rehber'),
(13, 9, 'rehber'),
(13, 10, 'rehber'),
(14, 3, 'rehber'),
(14, 7, 'rehber'),
(14, 8, 'rehber'),
(14, 11, 'rehber'),
(15, 2, 'rehber'),
(15, 4, 'rehber'),
(15, 7, 'rehber'),
(15, 10, 'rehber'),
(16, 3, 'rehber'),
(16, 6, 'rehber'),
(16, 7, 'rehber'),
(16, 9, 'rehber'),
(17, 4, 'rehber'),
(17, 5, 'rehber'),
(17, 11, 'rehber'),
(18, 8, 'rehber'),
(18, 10, 'rehber'),
(19, 2, 'rehber'),
(19, 3, 'rehber'),
(19, 5, 'rehber'),
(19, 6, 'rehber'),
(19, 10, 'rehber'),
(20, 4, 'rehber'),
(20, 7, 'rehber'),
(20, 10, 'rehber'),
(21, 6, 'Etkinlik Koordinatörü'),
(21, 8, 'Etkinlik Koordinatörü'),
(21, 9, 'Etkinlik Koordinatörü'),
(21, 11, 'Etkinlik Koordinatörü'),
(22, 9, 'Etkinlik Koordinatörü'),
(23, 4, 'Etkinlik Koordinatörü'),
(23, 10, 'Etkinlik Koordinatörü'),
(24, 5, 'Etkinlik Koordinatörü'),
(25, 3, 'Etkinlik Koordinatörü'),
(25, 7, 'Etkinlik Koordinatörü'),
(26, 2, 'Müzeci'),
(26, 5, 'Müzeci'),
(26, 7, 'Müzeci'),
(26, 8, 'Müzeci'),
(26, 9, 'Müzeci'),
(26, 10, 'Müzeci'),
(27, 7, 'Müzeci'),
(27, 8, 'Müzeci'),
(27, 10, 'Müzeci'),
(27, 11, 'Müzeci'),
(28, 3, 'Müzeci'),
(28, 6, 'Müzeci'),
(29, 1, 'Müzeci'),
(29, 7, 'Müzeci'),
(29, 10, 'Müzeci'),
(29, 11, 'Müzeci'),
(30, 2, 'Müzeci'),
(30, 9, 'Müzeci'),
(31, 5, 'Güvenlik'),
(31, 10, 'Güvenlik'),
(31, 11, 'Güvenlik'),
(32, 1, 'Güvenlik'),
(32, 4, 'Güvenlik'),
(33, 1, 'Güvenlik'),
(33, 6, 'Güvenlik'),
(33, 8, 'Güvenlik'),
(33, 9, 'Güvenlik'),
(33, 10, 'Güvenlik'),
(33, 11, 'Güvenlik'),
(34, 8, 'Güvenlik'),
(35, 3, 'Güvenlik'),
(35, 6, 'Güvenlik'),
(35, 7, 'Güvenlik'),
(35, 8, 'Güvenlik'),
(35, 10, 'Güvenlik'),
(36, 6, 'Güvenlik'),
(36, 10, 'Güvenlik'),
(37, 4, 'Güvenlik'),
(37, 5, 'Güvenlik'),
(37, 6, 'Güvenlik'),
(37, 10, 'Güvenlik'),
(38, 6, 'Güvenlik'),
(38, 9, 'Güvenlik'),
(38, 10, 'Güvenlik'),
(39, 1, 'Güvenlik'),
(39, 7, 'Güvenlik'),
(40, 3, 'Güvenlik'),
(40, 4, 'Güvenlik'),
(40, 6, 'Güvenlik'),
(40, 10, 'Güvenlik'),
(41, 8, 'Temizlik Görevlisi'),
(41, 9, 'Temizlik Görevlisi'),
(42, 3, 'Temizlik Görevlisi'),
(42, 4, 'Temizlik Görevlisi'),
(42, 5, 'Temizlik Görevlisi'),
(42, 8, 'Temizlik Görevlisi'),
(42, 10, 'Temizlik Görevlisi'),
(43, 2, 'Temizlik Görevlisi'),
(43, 3, 'Temizlik Görevlisi'),
(43, 8, 'Temizlik Görevlisi'),
(44, 6, 'Temizlik Görevlisi'),
(44, 9, 'Temizlik Görevlisi'),
(45, 2, 'Temizlik Görevlisi'),
(45, 4, 'Temizlik Görevlisi'),
(45, 11, 'Temizlik Görevlisi'),
(46, 2, 'Temizlik Görevlisi'),
(46, 4, 'Temizlik Görevlisi'),
(46, 5, 'Temizlik Görevlisi'),
(46, 9, 'Temizlik Görevlisi'),
(47, 8, 'Temizlik Görevlisi'),
(48, 6, 'Temizlik Görevlisi'),
(48, 7, 'Temizlik Görevlisi'),
(49, 1, 'Temizlik Görevlisi'),
(49, 3, 'Temizlik Görevlisi'),
(49, 7, 'Temizlik Görevlisi'),
(49, 9, 'Temizlik Görevlisi'),
(50, 9, 'Temizlik Görevlisi'),
(51, 5, 'Rehber'),
(51, 6, 'Rehber'),
(51, 7, 'Rehber'),
(52, 3, 'Rehber'),
(52, 4, 'Rehber'),
(52, 6, 'Rehber'),
(52, 10, 'Rehber'),
(53, 2, 'Rehber'),
(53, 7, 'Rehber'),
(54, 2, 'Rehber'),
(54, 10, 'Rehber'),
(55, 11, 'Rehber'),
(57, 4, 'Rehber'),
(57, 7, 'Rehber'),
(57, 9, 'Rehber'),
(58, 3, 'Rehber'),
(58, 8, 'Rehber'),
(59, 2, 'Rehber'),
(59, 3, 'Rehber'),
(59, 4, 'Rehber'),
(59, 6, 'Rehber'),
(59, 8, 'Rehber'),
(59, 10, 'Rehber'),
(60, 2, 'Rehber'),
(60, 4, NULL),
(61, 5, 'Etkinlik Koordinatörü'),
(61, 7, 'Etkinlik Koordinatörü'),
(62, 2, 'Etkinlik Koordinatörü'),
(62, 10, 'Etkinlik Koordinatörü'),
(63, 10, 'Etkinlik Koordinatörü'),
(63, 11, 'Etkinlik Koordinatörü'),
(65, 7, 'Etkinlik Koordinatörü'),
(66, 3, 'Müzeci'),
(66, 4, 'Müzeci'),
(66, 5, 'Müzeci'),
(66, 6, 'Müzeci'),
(66, 7, 'Müzeci'),
(66, 8, 'Müzeci'),
(66, 9, 'Müzeci'),
(67, 4, 'Müzeci'),
(67, 6, 'Müzeci'),
(68, 2, 'Müzeci'),
(68, 7, 'Müzeci'),
(68, 10, 'Müzeci'),
(69, 2, 'Müzeci'),
(69, 3, 'Müzeci'),
(69, 4, 'Müzeci'),
(69, 5, 'Müzeci'),
(69, 10, 'Müzeci'),
(71, 1, 'Güvenlik'),
(71, 3, 'Güvenlik'),
(71, 8, 'Güvenlik'),
(72, 2, 'Güvenlik'),
(72, 4, 'Güvenlik'),
(72, 6, 'Güvenlik'),
(73, 4, 'Güvenlik'),
(73, 5, 'Güvenlik'),
(73, 9, 'Güvenlik'),
(74, 2, 'Güvenlik'),
(74, 4, 'Güvenlik'),
(75, 1, 'Güvenlik'),
(75, 2, 'Güvenlik'),
(75, 3, 'Güvenlik'),
(75, 4, 'Güvenlik'),
(75, 5, 'Güvenlik'),
(75, 7, 'Güvenlik'),
(75, 10, 'Güvenlik'),
(76, 2, 'Güvenlik'),
(76, 5, 'Güvenlik'),
(76, 7, 'Güvenlik'),
(77, 1, 'Güvenlik'),
(77, 3, 'Güvenlik'),
(77, 5, 'Güvenlik'),
(77, 9, 'Güvenlik'),
(78, 3, 'Güvenlik'),
(78, 10, 'Güvenlik'),
(78, 11, 'Güvenlik'),
(79, 3, 'Güvenlik'),
(79, 6, 'Güvenlik'),
(79, 8, 'Güvenlik'),
(80, 3, 'Güvenlik'),
(80, 5, 'Güvenlik'),
(80, 7, 'Güvenlik'),
(80, 8, 'Güvenlik');

-- --------------------------------------------------------

--
-- Tablo için tablo yapısı `eserler`
--

CREATE TABLE `eserler` (
  `EserID` int(11) NOT NULL,
  `EserAdi` varchar(100) NOT NULL,
  `SanatciID` int(11) DEFAULT NULL,
  `Yil` int(11) DEFAULT NULL,
  `Tarz` varchar(50) DEFAULT NULL,
  `müze_id` int(11) DEFAULT NULL
) ENGINE=InnoDB DEFAULT CHARSET=utf8mb4 COLLATE=utf8mb4_general_ci;

--
-- Tablo döküm verisi `eserler`
--

INSERT INTO `eserler` (`EserID`, `EserAdi`, `SanatciID`, `Yil`, `Tarz`, `müze_id`) VALUES
(1, 'Starry Night', 1, 1889, 'Empresyonizm', 1),
(2, 'Sunflowers', 1, 1888, 'Empresyonizm', 1),
(3, 'Irises', 1, 1889, 'Empresyonizm', 1),
(4, 'The Bedroom', 1, 1888, 'Empresyonizm', 1),
(5, 'Café Terrace at Night', 1, 1888, 'Empresyonizm', 1),
(6, 'Mona Lisa', 2, 1503, 'Rönesans', 1),
(7, 'The Last Supper', 2, 1495, 'Rönesans', 1),
(8, 'Vitruvian Man', 2, 1490, 'Rönesans', 1),
(9, 'Lady with an Ermine', 2, 1489, 'Rönesans', 1),
(10, 'Ginevra de Benci', 2, 1474, 'Rönesans', 1),
(11, 'Guernica', 3, 1937, 'Soyut', 1),
(12, 'Les Demoiselles d\'Avignon', 3, 1907, 'Soyut', 1),
(13, 'The Weeping Woman', 3, 1937, 'Soyut', 1),
(14, 'Seated Woman (Dora Maar)', 3, 1938, 'Soyut', 1),
(15, 'Violin and Candlestick', 3, 1910, 'Soyut', 1),
(16, 'Water Lilies', 4, 1919, 'Empresyonizm', 1),
(17, 'Impression, Sunrise', 4, 1872, 'Empresyonizm', 1),
(18, 'Woman with a Parasol', 4, 1875, 'Empresyonizm', 1),
(19, 'Rouen Cathedral Series', 4, 1892, 'Empresyonizm', 1),
(20, 'Haystacks Series', 4, 1890, 'Empresyonizm', 1),
(21, 'The Thinker', 5, 1902, 'Heykel', 1),
(22, 'The Kiss', 5, 1889, 'Heykel', 1),
(23, 'The Burghers of Calais', 5, 1889, 'Heykel', 1),
(24, 'Eternal Springtime', 5, 1889, 'Heykel', 1),
(25, 'The Age of Bronze', 5, 1876, 'Heykel', 1),
(26, 'The Persistence of Memory', 6, 1931, 'Sürrealizm', 1),
(27, 'The Elephants', 6, 1948, 'Sürrealizm', 1),
(28, 'Galatea of the Spheres', 6, 1952, 'Sürrealizm', 1),
(29, 'Swans Reflecting Elephants', 6, 1937, 'Sürrealizm', 1),
(30, 'Christ of Saint John of the Cross', 6, 1951, 'Sürrealizm', 1),
(31, 'Red Poppy No. VI', 7, 1928, 'Modernizm', 1),
(32, 'Black Iris', 7, 1926, 'Modernizm', 1),
(33, 'Oriental Poppies', 7, 1928, 'Modernizm', 1),
(34, 'Cows Skull: Red, White and Blue', 7, 1931, 'Modernizm', 1),
(35, 'Jack-in-the-Pulpit No. IV', 7, 1930, 'Modernizm', 1),
(36, 'The Dance', 8, 1910, 'Fauvizm', 1),
(37, 'The Green Stripe', 8, 1905, 'Fauvizm', 1),
(38, 'Blue Nude', 8, 1907, 'Fauvizm', 1),
(39, 'Woman with a Hat', 8, 1905, 'Fauvizm', 1),
(40, 'The Joy of Life', 8, 1905, 'Fauvizm', 1),
(41, 'David', 9, 1504, 'Rönesans', 1),
(42, 'Pieta', 9, 1498, 'Rönesans', 1),
(43, 'Creation of Adam', 9, 1512, 'Rönesans', 1),
(44, 'The Last Judgment', 9, 1541, 'Rönesans', 1),
(45, 'Moses', 9, 1513, 'Rönesans', 1),
(46, 'The Dance Class', 10, 1873, 'Empresyonizm', 1),
(47, 'Ballet Rehearsal', 10, 1873, 'Empresyonizm', 1),
(48, 'LAbsinthe', 10, 1876, 'Empresyonizm', 1),
(49, 'The Tub', 10, 1886, 'Empresyonizm', 1),
(50, 'Dancer with a Bouquet', 10, 1878, 'Empresyonizm', 1),
(51, 'The Two Fridas', 11, 1939, 'Sürrealizm', 1),
(52, 'Self-Portrait with Thorn Necklace and Hummingbird', 11, 1940, 'Sürrealizm', 1),
(53, 'The Broken Column', 11, 1944, 'Sürrealizm', 1),
(54, 'The Bus', 11, 1929, 'Sürrealizm', 1),
(55, 'Diego and I', 11, 1949, 'Sürrealizm', 1),
(56, 'The Night Watch', 12, 1642, 'Barok', 1),
(57, 'The Anatomy Lesson of Dr. Nicolaes Tulp', 12, 1632, 'Barok', 1),
(58, 'Self-Portrait with Two Circles', 12, 1665, 'Barok', 1),
(59, 'The Jewish Bride', 12, 1667, 'Barok', 1),
(60, 'The Syndics of the Drapers\' Guild', 12, 1662, 'Barok', 1),
(61, 'Number 1A, 1948', 13, 1948, 'Soyut İfade', 1),
(62, 'Autumn Rhythm', 13, 1950, 'Soyut İfade', 1),
(63, 'Lavender Mist', 13, 1950, 'Soyut İfade', 1),
(64, 'Blue Poles', 13, 1952, 'Soyut İfade', 1),
(65, 'No. 5, 1948', 13, 1948, 'Soyut İfade', 1),
(66, 'Campbell\'s Soup Cans', 14, 1962, 'Pop Art', 1),
(67, 'Marilyn Diptych', 14, 1962, 'Pop Art', 1),
(68, 'Gold Marilyn Monroe', 14, 1962, 'Pop Art', 1),
(69, 'Eight Elvises', 14, 1963, 'Pop Art', 1),
(70, 'Turquoise Marilyn', 14, 1962, 'Pop Art', 1),
(71, 'The Kiss', 15, 1907, 'Sembolizm', 1),
(72, 'Portrait of Adele Bloch-Bauer I', 15, 1907, 'Art Nouveau', 1),
(73, 'Judith and the Head of Holofernes', 15, 1901, 'Art Nouveau', 1),
(74, 'Tree of Life', 15, 1909, 'Art Nouveau', 1),
(75, 'Danaë', 15, 1907, 'Art Nouveau', 1),
(76, 'The Bathers', 16, 1898, 'Post-Empresyonizm', 1),
(77, 'Mont Sainte-Victoire', 16, 1902, 'Post-Empresyonizm', 1),
(78, 'Still Life with Apples', 16, 1895, 'Post-Empresyonizm', 1),
(79, 'Card Players', 16, 1890, 'Post-Empresyonizm', 1),
(80, 'The Basket of Apples', 16, 1895, 'Post-Empresyonizm', 1),
(81, 'Girl with a Pearl Earring', 17, 1665, 'Barok', 1),
(82, 'The Milkmaid', 17, 1658, 'Barok', 1),
(83, 'The Art of Painting', 17, 1666, 'Barok', 1),
(84, 'View of Delft', 17, 1660, 'Barok', 1),
(85, 'Woman Holding a Balance', 17, 1664, 'Barok', 1),
(86, 'The School of Athens', 18, 1510, 'Rönesans', 1),
(87, 'Sistine Madonna', 18, 1512, 'Rönesans', 1),
(88, 'The Marriage of the Virgin', 18, 1504, 'Rönesans', 1),
(89, 'Madonna and Child with Two Angels', 18, 1505, 'Rönesans', 1),
(90, 'Portrait of Baldassare Castiglione', 18, 1514, 'Rönesans', 1),
(91, 'Self-Portrait with Physalis', 19, 1912, 'Ekspresyonizm', 1),
(92, 'Portrait of Wally', 19, 1912, 'Ekspresyonizm', 1),
(93, 'The Embrace', 19, 1917, 'Ekspresyonizm', 1),
(94, 'Cardinal and Nun', 19, 1912, 'Ekspresyonizm', 1),
(95, 'Seated Woman with Bent Knee', 19, 1917, 'Ekspresyonizm', 1),
(96, 'Las Meninas', 20, 1656, 'Barok', 1),
(97, 'The Surrender of Breda', 20, 1634, 'Barok', 1),
(98, 'Portrait of Pope Innocent X', 20, 1650, 'Barok', 1),
(99, 'Venus at her Mirror', 20, 1647, 'Barok', 1),
(100, 'Infanta Margarita Teresa in a Blue Dress', 20, 1659, 'Barok', 1),
(101, 'Black Square', 21, 1915, 'Suprematizm', 1),
(102, 'White on White', 21, 1918, 'Suprematizm', 1),
(103, 'Red Square: Painterly Realism of a Peasant Woman in Two Dimensions', 21, 1915, 'Suprematizm', 1),
(104, 'Suprematist Composition: Airplane Flying', 21, 1915, 'Suprematizm', 1),
(105, 'Suprematism: Composition of Mysteriously Hovering Forms', 21, 1928, 'Suprematizm', 1),
(106, 'American Gothic', 22, 1930, 'Regionalizm', 1),
(107, 'Daughters of Revolution', 22, 1932, 'Regionalizm', 1),
(108, 'Death on the Ridge Road', 22, 1935, 'Regionalizm', 1),
(109, 'Daughters of Revolution', 22, 1932, 'Regionalizm', 1),
(110, 'Daughters of Revolution', 22, 1932, 'Regionalizm', 1),
(111, 'The Waltz', 23, 1893, 'Heykel', 1),
(112, 'The Age of Maturity', 23, 1902, 'Heykel', 1),
(113, 'Perseus and the Gorgon', 23, 1905, 'Heykel', 1),
(114, 'The Wave', 23, 1897, 'Heykel', 1),
(115, 'Sakuntala', 23, 1905, 'Heykel', 1),
(116, 'The Ancient of Days', 24, 1794, 'Romantizm', 1),
(117, 'Newton', 24, 1795, 'Romantizm', 1),
(118, 'The Great Red Dragon and the Woman Clothed with the Sun', 24, 1805, 'Romantizm', 1),
(119, 'The Tyger', 24, 1794, 'Romantizm', 1),
(120, 'The Marriage of Heaven and Hell', 24, -3, 'Romantizm', 1),
(121, 'Self-Portrait as Tahitian', 25, 1934, 'Post-Empresyonizm', 1),
(122, 'Three Girls', 25, 1935, 'Post-Empresyonizm', 1),
(123, 'Brides Toilet', 25, 1937, 'Post-Empresyonizm', 1),
(124, 'Hill Women', 25, 1935, 'Post-Empresyonizm', 1),
(125, 'The Hunt', 25, 1934, 'Post-Empresyonizm', 1),
(126, 'Infinity Mirror Room – Phalli’s Field', 26, 1965, 'Çağdaş Sanat', 1),
(127, 'Polka Dots Obsession', 26, 2000, 'Çağdaş Sanat', 1),
(128, 'Love Forever', 26, 2000, 'Çağdaş Sanat', 1),
(129, 'Yellow Trees', 26, 1994, 'Çağdaş Sanat', 1),
(130, 'Pumpkin', 26, 1990, 'Çağdaş Sanat', 1),
(131, 'Reclining Nude', 27, 1917, 'Empresyonizm', 1),
(132, 'Portrait of Jeanne Hébuterne', 27, 1918, 'Empresyonizm', 1),
(133, 'Mademoiselle Jeanne Hébuterne in a White Shawl', 27, 1918, 'Empresyonizm', 1),
(134, 'Woman with a Red Hat', 27, 1917, 'Empresyonizm', 1),
(135, 'Portrait of Moïse Kisling', 27, 1915, 'Empresyonizm', 1),
(136, 'No. 5, 1948', 28, 1948, 'Soyut İfade', 1),
(137, 'Orange and Yellow', 28, 1956, 'Soyut İfade', 1),
(138, 'White Center (Yellow, Pink and Lavender on Rose)', 28, 1950, 'Soyut İfade', 1),
(139, 'Blue, Orange, Red', 28, 1961, 'Soyut İfade', 1),
(140, 'Black on Maroon', 28, 1958, 'Soyut İfade', 1),
(141, 'The Great Wave off Kanagawa', 29, 1831, 'Ukiyo-e', 1),
(142, 'Red Fuji', 29, 1831, 'Ukiyo-e', 1),
(143, 'Thirty-Six Views of Mount Fuji', 29, 1831, 'Ukiyo-e', 1),
(144, 'Fine Wind, Clear Morning', 29, 1831, 'Ukiyo-e', 1),
(145, 'Fishermen Hauling a Big Net', 29, 1831, 'Ukiyo-e', 1),
(146, 'The Tilled Field', 30, 1923, 'Sürrealizm', 1),
(147, 'The Harlequins Carnival', 30, 1924, 'Sürrealizm', 1),
(148, 'Dutch Interior II', 30, 1928, 'Sürrealizm', 1),
(149, 'The Farm', 30, 1921, 'Sürrealizm', 1),
(150, 'Catalan Landscape (The Hunter)', 30, 1923, 'Sürrealizm', 1),
(151, 'Dynamism of a Dog on a Leash', 31, 1912, 'Fütürizm', 1),
(152, 'Street Light', 31, 1909, 'Fütürizm', 1),
(153, 'Boccioni’s Fist', 31, 1916, 'Fütürizm', 1),
(154, 'Abstract Speed + Sound', 31, 1913, 'Fütürizm', 1),
(155, 'Iridescent Interpenetration', 31, 1913, 'Fütürizm', 1),
(156, 'Young Lady with Gloves', 32, 1929, 'Art Deco', 1),
(157, 'Autoportrait (Tamara in the Green Bugatti)', 32, 1929, 'Art Deco', 1),
(158, 'The Musician', 32, 1929, 'Art Deco', 1),
(159, 'Adam and Eve', 32, 1932, 'Art Deco', 1),
(160, 'The Refugees', 32, 1937, 'Art Deco', 1),
(161, 'A Sunday Afternoon on the Island of La Grande Jatte', 33, 1884, 'Post-Impressionism', 1),
(162, 'Bathers at Asnières', 33, 1884, 'Post-Impressionism', 1),
(163, 'The Circus', 33, 1891, 'Post-Impressionism', 1),
(164, 'Parade de Cirque', 33, 1889, 'Post-Impressionism', 1),
(165, 'The Models', 33, 1888, 'Post-Impressionism', 1),
(166, 'Portrait of Madame X', 34, 1884, 'Realism', 1),
(167, 'Carnation, Lily, Lily, Rose', 34, 1885, 'Impressionism', 1),
(168, 'The Daughters of Edward Darley Boit', 34, 1882, 'Realism', 1),
(169, 'Lady Agnew of Lochnaw', 34, 1892, 'Realism', 1),
(170, 'El Jaleo', 34, 1882, 'Realism', 1),
(171, 'The Weavers', 35, 1897, 'Expressionism', 1),
(172, 'Death and Woman', 35, 1910, 'Expressionism', 1),
(173, 'Self-Portrait with Hands on Chest', 35, 1924, 'Expressionism', 1),
(174, 'Mother with Dead Son', 35, 1903, 'Expressionism', 1),
(175, 'The Peasant War', 35, 1903, 'Expressionism', 1),
(176, 'Nighthawks', 36, 1942, 'Realism', 1),
(177, 'Automat', 36, 1927, 'Realism', 1),
(178, 'Office in a Small City', 36, 1953, 'Realism', 1),
(179, 'Summertime', 36, 1943, 'Realism', 1),
(180, 'Automat', 36, 1927, 'Realism', 1),
(181, 'The Burial of the Count of Orgaz', 37, 1586, 'Mannerism', 1),
(182, 'View of Toledo', 37, 1596, 'Mannerism', 1),
(183, 'The Assumption of the Virgin', 37, 1577, 'Mannerism', 1),
(184, 'Saint Martin and the Beggar', 37, 1597, 'Mannerism', 1),
(185, 'The Opening of the Fifth Seal', 37, 1608, 'Mannerism', 1),
(186, 'Eagle Standing on Pine Tree', 38, 1946, 'Çin Resim Sanatı', 1),
(187, 'The Three Friends of Winter', 38, 1943, 'Çin Resim Sanatı', 1),
(188, 'Eagle Perched on a Pine Tree', 38, 1946, 'Çin Resim Sanatı', 1),
(189, 'Auspicious Cranes', 38, 1947, 'Çin Resim Sanatı', 1),
(190, 'Ink Bamboo', 38, 1940, 'Çin Resim Sanatı', 1),
(191, 'Lotus', 39, 1943, 'Çin Resim Sanatı', 1),
(192, 'Spring Mountains and Valleys', 39, 1946, 'Çin Resim Sanatı', 1),
(193, 'Daoist Hermit on a Misty Peak', 39, 1940, 'Çin Resim Sanatı', 1),
(194, 'Travelers Amid Mountains and Streams', 39, 1941, 'Çin Resim Sanat', 1),
(195, 'Red Wall', 40, 1986, 'Çin Resim Sanatı', 1),
(196, 'The Great Wall of China', 40, 1985, 'Çin Resim Sanatı', 1),
(197, 'River Village', 40, 1998, 'Çin Resim Sanatı', 1),
(198, 'Far Away', 40, 1981, 'Çin Resim Sanatı', 1),
(199, 'Hutong', 40, 1980, 'Çin Resim Sanatı', 1),
(200, 'Tibetans', 41, 1938, 'Doğu Sanatı', 1),
(201, 'Put Down Your Whip', 41, 1939, 'Doğu Sanatı', 1),
(202, 'Tiger', 41, 1928, 'Doğu Sanatı', 1),
(203, 'Newborn Baby', 41, 1943, 'Doğu Sanatı', 1),
(204, 'The Foolish Old Man Removes the Mountains', 41, 1946, 'Doğu Sanatı', 1),
(205, 'Lady in a Green Jacket', 42, 1929, 'Modern Çin Sanatı', 1),
(206, 'The Noble Lady', 42, 1920, 'Modern Çin Sanatı', 1),
(207, 'Harmony', 42, 1950, 'Modern Çin Sanatı', 1),
(208, 'Female Nude', 42, 1930, 'Modern Çin Sanatı', 1),
(209, 'After the Bath', 42, 1933, 'Modern Çin Sanatı', 1),
(210, 'Memories of Spring', 43, 1982, 'Çağdaş Çin Sanatı', 1),
(211, 'The White Vase', 43, 1996, 'Çağdaş Çin Sanatı', 1),
(212, 'Silent Alley', 43, 1988, 'Çağdaş Çin Sanatı', 1),
(213, 'Eternal Gaze', 43, 1986, 'Çağdaş Çin Sanatı', 1),
(214, 'The Beauty Bathing', 43, 1993, 'Çağdaş Çin Sanatı', 1),
(215, 'The Zeybek', 44, 1948, 'Soyut Resim', 1),
(216, 'The Dervish', 44, 1951, 'Soyut Resim', 1),
(217, 'The Cypress', 44, 1955, 'Soyut Resim', 1),
(218, 'The Cistern', 44, 1950, 'Soyut Resim', 1),
(219, 'Composition', 44, 1949, 'Soyut Resim', 1),
(220, 'Portrait of Sabiha Gökçen', 45, 1935, 'Portre', 1),
(221, 'Peasant Woman', 45, 1927, 'Empresyonizm', 1),
(222, 'Boy and Bird', 45, 1926, 'Empresyonizm', 1),
(223, 'Meditation', 45, 1928, 'Empresyonizm', 1),
(224, 'Spring', 45, 1930, 'Empresyonizm', 1),
(225, 'Fishermen', 46, 1946, 'Empresyonizm', 1),
(226, 'Boat', 46, 1947, 'Empresyonizm', 1),
(227, 'Fisherwomen', 46, 1948, 'Empresyonizm', 1),
(228, 'Sunset', 46, 1949, 'Empresyonizm', 1),
(229, 'Balıkesir Houses', 46, 1950, 'Empresyonizm', 1),
(230, 'The Boat', 47, 1949, 'Empresyonizm', 1),
(231, 'City in Blue', 47, 1950, 'Empresyonizm', 1),
(232, 'Fields', 47, 1951, 'Empresyonizm', 1),
(233, 'The Mill', 47, 1952, 'Empresyonizm', 1),
(234, 'The Bridge', 47, 1953, 'Empresyonizm', 1),
(235, 'The Fountain', 48, 1960, 'Soyut Sanat', 1),
(236, 'The Storm', 48, 1962, 'Soyut Sanat', 1),
(237, 'Composition', 48, 1964, 'Soyut Sanat', 1),
(238, 'Figures', 48, 1965, 'Soyut Sanat', 1),
(239, 'Color Symphony', 48, 1968, 'Soyut Sanat', 1),
(240, 'Umut (Hope)', 49, 1969, 'Soyut Heykel', 1),
(241, 'Infinity', 49, 1973, 'Soyut Heykel', 1),
(242, 'Marsyas', 49, 1974, 'Soyut Heykel', 1),
(243, 'Intersection', 49, 1979, 'Soyut Heykel', 1),
(244, 'Pyramids', 49, 1984, 'Soyut Heykel', 1),
(245, 'Time and Space', 50, 1965, 'Soyut Resim', 1),
(246, 'Evolution', 50, 1968, 'Soyut Resim', 1),
(247, 'Mystic Garden', 50, 1972, 'Soyut Resim', 1),
(248, 'Celestial Bodies', 50, 1975, 'Soyut Resim', 1),
(249, 'Colorful Hopes', 50, 1980, 'Soyut Resim', 1),
(250, 'Gece', 51, 2000, 'Soyut Resim', 1),
(251, 'Anadolu Ezgisi', 51, 2005, 'Empresyonizm', 1),
(252, 'İnsan ve Doğa', 51, 2010, 'Soyut Sanat', 1),
(253, 'Rüya', 51, 2015, 'Soyut Resim', 1),
(254, 'Gökyüzü ve Deniz', 51, 2020, 'Empresyonizm', 1),
(255, 'Hayaline Dokunan Adam', 52, 1980, 'Soyut Resim', 1),
(256, 'İsyan', 52, 1985, 'Soyut Sanat', 1),
(257, 'Bağımsızlık', 52, 1990, 'Soyut Resim', 1),
(258, 'Ay Işığında', 52, 1995, 'Empresyonizm', 1),
(259, 'Özgürlük', 52, 2000, 'Soyut Sanat', 1),
(260, 'İstanbul Manzarası', 53, 1920, 'Empresyonizm', 1),
(261, 'Çiçek Pazarı', 53, 1925, 'Empresyonizm', 1),
(262, 'Akşam Manzarası', 53, 1930, 'Empresyonizm', 1),
(263, 'Deniz Manzarası', 53, 1935, 'Empresyonizm', 1),
(264, 'Kırlangıçlar', 53, 1940, 'Empresyonizm', 1),
(265, 'Juin-Octobre 1985', 54, 1985, 'Çağdaş Sanat', 1),
(266, 'Harmony', 54, 1990, 'Çağdaş Sanat', 1),
(267, 'Untitled', 54, 1995, 'Çağdaş Sanat', 1),
(268, 'Landscape at Sunset', 54, 2000, 'Çağdaş Sanat', 1),
(269, 'The Beginning', 54, 2005, 'Çağdaş Sanat', 1),
(270, 'Whispers in the Wind', 55, 2010, 'Çağdaş Sanat', 1),
(271, 'Beyond the Horizon', 55, 2015, 'Çağdaş Sanat', 1),
(272, 'Eternal Flame', 55, 2020, 'Çağdaş Sanat', 1),
(273, 'Dreamscape', 55, 2025, 'Çağdaş Sanat', 1),
(274, 'Echoes of the Past', 55, 2030, 'Çağdaş Sanat', 1),
(275, 'Quiet Pond', 56, 1998, 'Geleneksel Çin Resim Sanatı', 1),
(276, 'The Mountain Path', 56, 2002, 'Geleneksel Çin Resim Sanatı', 1),
(277, 'Moonlit Night', 56, 2006, 'Geleneksel Çin Resim Sanatı', 1),
(278, 'Plum Blossoms', 56, 2010, 'Geleneksel Çin Resim Sanatı', 1),
(279, 'The Scholars Garden', 56, 2015, 'Geleneksel Çin Resim Sanatı', 1),
(280, 'Mask Series No. 6', 57, 1994, 'Çağdaş Sanat', 1),
(281, 'The Last Supper', 57, 2001, 'Çağdaş Sanat', 1),
(282, 'Landscape', 57, 2008, 'Çağdaş Sanat', 1),
(283, 'Portrait of Van Gogh', 57, 2014, 'Çağdaş Sanat', 1),
(284, 'The Pink Wall', 57, 2019, 'Çağdaş Sanat', 1),
(285, 'Man at the Crossroads', 58, 1934, 'Mural', 1),
(286, 'Detroit Industry Murals', 58, 1932, 'Mural', 1),
(287, 'Flower Carrier', 58, 1935, 'Gerçeküstücülük', 1),
(288, 'The Making of a Fresco Showing the Building of a City', 58, 1931, 'Mural', 1),
(289, 'Portrait of America', 58, 1933, 'Mural', 1),
(290, 'The Two Fridas', 59, 1939, 'Sürrealizm', 1),
(291, 'Self-Portrait with Thorn Necklace and Hummingbird', 59, 1940, 'Sürrealizm', 1),
(292, 'The Broken Column', 59, 1944, 'Sürrealizm', 1),
(293, 'Diego and I', 59, 1949, 'Sürrealizm', 1),
(294, 'Self-Portrait with Cropped Hair', 59, 1940, 'Sürrealizm', 1),
(295, 'Echo of a Scream', 60, 1937, 'Sürrealizm', 1),
(296, 'Death to the Invader', 60, 1942, 'Sürrealizm', 1),
(297, 'Portrait of the Bourgeoisie', 60, 1939, 'Sürrealizm', 1),
(298, 'Portrait of the Bourgeoisie', 60, 1947, 'Sürrealizm', 1),
(299, 'Portrait of the Proletariat', 60, 1948, 'Sürrealizm', 1);

-- --------------------------------------------------------

--
-- Tablo için tablo yapısı `etkinlikler`
--

CREATE TABLE `etkinlikler` (
  `EtkinlikID` int(11) NOT NULL,
  `EtkinlikAdi` varchar(100) NOT NULL,
  `SalonID` int(11) DEFAULT NULL,
  `Tarih` date DEFAULT NULL,
  `Ucret` decimal(10,2) DEFAULT NULL,
  `Tür` text DEFAULT NULL
) ENGINE=InnoDB DEFAULT CHARSET=utf8mb4 COLLATE=utf8mb4_general_ci;

--
-- Tablo döküm verisi `etkinlikler`
--

INSERT INTO `etkinlikler` (`EtkinlikID`, `EtkinlikAdi`, `SalonID`, `Tarih`, `Ucret`, `Tür`) VALUES
(1, 'Notalar Arasında Zamanda Yolculuk=Konser', 1, '2023-12-01', 500.00, 'Konser'),
(2, 'Doğanın İzinde: Doğa Temalı Sanat', 2, '2023-12-03', 180.00, 'Sanat'),
(3, 'Tarihi Anlatımlar: Sahne Arkası Tiyatro Deneyimi', 3, '2023-12-05', 100.00, 'Tiyatro'),
(4, 'Sanatın Evrimi: Tarih Boyunca Sanat Akımları=Konferans ', 4, '2023-12-06', 250.00, 'Konferans'),
(5, 'Zaman Tünelinde Dans: Tarih Boyunca Dansın Evrimi=Gösteri ', 5, '2023-12-07', 490.00, 'Gösteri'),
(6, '\"Efsane Akorlar: Müziğin Derinliklerinde Bir Akşam=Konser ', 1, '2023-12-09', 1000.00, 'Konser'),
(7, 'Görsel Deneyimler: Dijital Sanat Sergisi', 7, '2023-12-10', 350.00, 'Sanat_sergis'),
(8, 'Klasik Karakterlerin Dirilişi: Sahne İçindeki Yaşayan Miras=Tiyatro Oyunu ', 8, '2023-12-13', 400.00, 'Tiyatro'),
(9, 'Müze Koleksiyonlarında Kaybolmak: Gizemli Eserlerin Ardındaki Hikayeler=Konferans ', 9, '2023-12-16', 130.00, 'Konferans'),
(10, 'Sesin Yankıları: Antik Enstrümanlarla Müzikal Bir Yolculuk=Gösteri ', 10, '2023-12-17', 140.00, 'Gösteri'),
(11, '\"Sesin Arşivi: Müzik Müzesi Konseri\"', 1, '2023-12-18', 250.00, 'Konser'),
(12, 'Doğanın İzinde: Doğa Temalı Sanat', 2, '2023-12-19', 180.00, 'Sanat'),
(13, 'Müze Sahnesinde Zaman Yolculuğu: Tarihi Oyunlar=Tiyatro Oyunu ', 3, '2023-12-20', 100.00, 'Tiyatro'),
(14, 'Teknoloji ve Sanat: Geleceğin Yaratıcı İfadeleri=Konferans ', 4, '2023-12-21', 80.00, 'Konferans'),
(15, 'Masal Diyarları: Efsanevi Hikayelerin Canlı Performansı=Gösteri ', 5, '2023-12-23', 490.00, 'Gösteri'),
(16, 'Melodi Tarihine Saygı: Klasiklerin Yankıları=Konser', 1, '2023-12-24', 1000.00, 'Konser'),
(17, 'Geçmişten Geleceğe: Kültürel Miras Sergisi', 7, '2023-12-25', 110.00, 'Sergi'),
(18, 'Klasik Karakterlerin Dirilişi: Sahne İçindeki Yaşayan Miras=Tiyatro Oyunu ', 8, '2023-12-26', 400.00, 'Tiyatro'),
(19, 'Müze Tasarımı ve Mekansal Anlatı: Ziyaretçilere Yolculuk=Konferans ', 9, '2023-12-27', 130.00, 'Konferans'),
(20, 'Yılbası etkinliği', 10, '2023-12-31', 500.00, 'Yılbası_Etkinliği');

-- --------------------------------------------------------

--
-- Tablo için tablo yapısı `muze`
--

CREATE TABLE `muze` (
  `MuzeID` int(11) NOT NULL,
  `MuzeAdi` varchar(100) NOT NULL,
  `Sehir` varchar(50) DEFAULT NULL,
  `AcilisTarihi` date DEFAULT NULL
) ENGINE=InnoDB DEFAULT CHARSET=utf8mb4 COLLATE=utf8mb4_general_ci;

--
-- Tablo döküm verisi `muze`
--

INSERT INTO `muze` (`MuzeID`, `MuzeAdi`, `Sehir`, `AcilisTarihi`) VALUES
(1, 'Sonsuz Çeşitlemeler Müzesi: Sanatın Renkli Evrimi', 'İstanbul', '2021-04-12');

-- --------------------------------------------------------

--
-- Tablo için tablo yapısı `salonlar`
--

CREATE TABLE `salonlar` (
  `SalonID` int(11) NOT NULL,
  `SalonAdi` varchar(50) NOT NULL,
  `Kapasite` int(11) DEFAULT NULL,
  `KatNo` int(11) DEFAULT NULL,
  `müze_id` int(11) DEFAULT NULL
) ENGINE=InnoDB DEFAULT CHARSET=utf8mb4 COLLATE=utf8mb4_general_ci;

--
-- Tablo döküm verisi `salonlar`
--

INSERT INTO `salonlar` (`SalonID`, `SalonAdi`, `Kapasite`, `KatNo`, `müze_id`) VALUES
(1, 'Salon A', 200, 1, 1),
(2, 'Salon B', 200, 1, 1),
(3, 'Salon C', 200, 1, 1),
(4, 'Salon D', 200, 2, 1),
(5, 'Salon E', 200, 2, 1),
(6, 'Salon F', 200, 2, 1),
(7, 'Salon G', 200, 3, 1),
(8, 'Salon H', 200, 3, 1),
(9, 'Salon I', 200, 3, 1),
(10, 'Otopark', 400, -1, 1),
(11, 'Bahçe', 1000, 0, 1);

-- --------------------------------------------------------

--
-- Tablo için tablo yapısı `sanatci`
--

CREATE TABLE `sanatci` (
  `SanatciID` int(11) NOT NULL,
  `Ad` varchar(50) NOT NULL,
  `Soyad` varchar(50) NOT NULL,
  `DogumTarihi` date DEFAULT NULL,
  `DogumYeri` varchar(50) DEFAULT NULL,
  `Ulke` varchar(50) DEFAULT NULL,
  `Tarz` varchar(50) DEFAULT NULL,
  `Donem` varchar(50) DEFAULT NULL,
  `OlumTarihi` date DEFAULT NULL
) ENGINE=InnoDB DEFAULT CHARSET=utf8mb4 COLLATE=utf8mb4_general_ci;

--
-- Tablo döküm verisi `sanatci`
--

INSERT INTO `sanatci` (`SanatciID`, `Ad`, `Soyad`, `DogumTarihi`, `DogumYeri`, `Ulke`, `Tarz`, `Donem`, `OlumTarihi`) VALUES
(1, 'Vincent', 'van Gogh', '1853-03-30', 'Groot-Zundert', 'Hollanda', 'Ressam', 'Post-Empresyonizm', '1890-07-29'),
(2, 'Leonardo', 'da Vinci', '1452-04-15', 'Anchiano', 'İtalya', 'Ressam', 'Rönesans', '1519-05-02'),
(3, 'Pablo', 'Picasso', '1881-10-25', 'Málaga', 'İspanya', 'Ressam', 'Modern Sanat', '1973-04-08'),
(4, 'Claude', 'Monet', '1840-11-14', 'Paris', 'Fransa', 'Ressam', 'Empresyonizm', '1926-12-05'),
(5, 'Auguste', 'Rodin', '1840-11-12', 'Paris', 'Fransa', 'Heykeltıraş', 'Heykel', '1917-11-17'),
(6, 'Salvador', 'Dali', '1904-05-11', 'Figueres', 'İspanya', 'Ressam', 'Sürrealizm', '1989-01-23'),
(7, 'Georgia', 'O\'Keeffe', '1887-11-15', 'Sun Prairie', 'ABD', 'Ressam', 'Modernizm', '1986-03-06'),
(8, 'Henri', 'Matisse', '1869-12-31', 'Le Cateau-Cambrésis', 'Fransa', 'Ressam', 'Fauvizm', '1954-11-03'),
(9, 'Michelangelo', 'Buonarroti', '1475-03-06', 'Caprese Michelangelo', 'İtalya', 'Heykeltıraş', 'Rönesans', '1564-02-18'),
(10, 'Edgar', 'Degas', '1834-07-19', 'Paris', 'Fransa', 'Ressam', 'Empresyonizm', '1917-09-27'),
(11, 'Frida', 'Kahlo', '1907-07-06', 'Coyoacán', 'Meksika', 'Ressam', 'Sürrealizm', '1954-07-13'),
(12, 'Rembrandt', 'van Rijn', '1606-07-15', 'Leiden', 'Hollanda', 'Ressam', 'Barok', '1669-10-04'),
(13, 'Jackson', 'Pollock', '1912-01-28', 'Cody', 'ABD', 'Ressam', 'Soyut Ekspresyonizm', '1956-08-11'),
(14, 'Andy', 'Warhol', '1928-08-06', 'Pittsburgh', 'ABD', 'Ressam', 'Pop Art', '1987-02-22'),
(15, 'Gustav', 'Klimt', '1862-07-14', 'Baumgarten', 'Avusturya', 'Ressam', 'Art Nouveau', '1918-02-06'),
(16, 'Paul', 'Cézanne', '1839-01-19', 'Aix-en-Provence', 'Fransa', 'Ressam', 'Post-Empresyonizm', '1906-10-22'),
(17, 'Johannes', 'Vermeer', '1632-10-31', 'Delft', 'Hollanda', 'Ressam', 'Barok', '1675-12-16'),
(18, 'Raphael', 'Sanzio', '1483-04-06', 'Urbino', 'İtalya', 'Ressam', 'Rönesans', '1520-04-06'),
(19, 'Egon', 'Schiele', '1890-06-12', 'Tulln', 'Avusturya', 'Ressam', 'Ekspresyonizm', '1918-10-31'),
(20, 'Diego', 'Velázquez', '1599-06-06', 'Seville', 'İspanya', 'Ressam', 'Barok', '1660-08-06'),
(21, 'Kazimir', 'Malevich', '1879-02-23', 'Kiev', 'Rusya', 'Ressam', 'Suprematizm', '1935-05-15'),
(22, 'Grant', 'Wood', '1891-02-13', 'Anamosa', 'ABD', 'Ressam', 'Regionalizm', '1942-02-12'),
(23, 'Camille', 'Claudel', '1864-12-08', 'Fère-en-Tardenois', 'Fransa', 'Heykeltıraş', 'Heykel', '1943-10-19'),
(24, 'William', 'Blake', '1757-11-28', 'Soho', 'İngiltere', 'Ressam', 'Romantizm', '1827-08-12'),
(25, 'Amrita', 'Sher-Gil', '1913-01-30', 'Budapeşte', 'Macaristan', 'Ressam', 'Modern Sanat', '1941-12-05'),
(26, 'Yayoi', 'Kusama', '1929-03-22', 'Matsumoto', 'Japonya', 'Ressam', 'Pop Art', '0000-00-00'),
(27, 'Amedeo', 'Modigliani', '1884-07-12', 'Livorno', 'İtalya', 'Ressam', 'Modern Sanat', '1920-01-24'),
(28, 'Mark', 'Rothko', '1903-09-25', 'Daugavpils', 'ABD', 'Ressam', 'Soyut Ekspresyonizm', '1970-02-25'),
(29, 'Hokusai', 'Katsushika', '1760-10-31', 'Edo', 'Japonya', 'Ressam', 'Ukiyo-e', '1849-05-10'),
(30, 'Joan', 'Miró', '1893-04-20', 'Barcelona', 'İspanya', 'Ressam', 'Sürrealizm', '1983-12-25'),
(31, 'Giacomo', 'Balla', '1871-07-18', 'Torino', 'İtalya', 'Ressam', 'Fütürizm', '1958-03-01'),
(32, 'Tamara', 'de Lempicka', '1898-05-16', 'Warsaw', 'Polonya', 'Ressam', 'Art Deco', '1980-03-18'),
(33, 'Georges', 'Seurat', '1859-12-02', 'Paris', 'Fransa', 'Ressam', 'Neo-Impresyonizm', '1891-03-29'),
(34, 'John', 'Singer Sargent', '1856-01-12', 'Florence', 'ABD', 'Ressam', 'Portre Resmi', '1925-04-14'),
(35, 'Käthe', 'Kollwitz', '1867-07-08', 'Königsberg', 'Almanya', 'Ressam', 'Ekspresyonizm', '1945-04-22'),
(36, 'Edward', 'Hopper', '1882-07-22', 'Nyack', 'ABD', 'Ressam', 'Gerçekçilik', '1967-05-15'),
(37, 'El', 'Greco', '1541-10-01', 'Candia', 'Yunanistan', 'Ressam', 'Mannerizm', '1614-04-07'),
(38, 'Qi', 'Baishi', '1864-01-01', 'Dongyang', 'Çin', 'Ressam', 'XX. Yüzyıl', '1957-09-16'),
(39, 'Zhang', 'Daqian', '1899-05-10', 'Neijiang', 'Çin', 'Ressam', 'XX. Yüzyıl', '1983-04-02'),
(40, 'Wu', 'Guanzhong', '1919-08-05', 'Yixing', 'Çin', 'Ressam', 'XX. Yüzyıl', '2010-06-25'),
(41, 'Xu', 'Beihong', '1895-07-19', 'Yixing', 'Çin', 'Ressam', 'XX. Yüzyıl', '1953-09-26'),
(42, 'Lin', 'Fengmian', '1900-08-09', 'Meixian', 'Çin', 'Ressam', 'XX. Yüzyıl', '1991-12-12'),
(43, 'Chen', 'Yifei', '1946-04-12', 'Henyang', 'Çin', 'Ressam', 'XX. Yüzyıl', '2005-04-10'),
(44, 'Fikret', 'Mualla', '1903-10-05', 'İstanbul', 'Türkiye', 'Ressam', 'XX. Yüzyıl', '1967-08-06'),
(45, 'İbrahim', 'Çallı', '1882-08-22', 'İstanbul', 'Türkiye', 'Ressam', 'XX. Yüzyıl', '1960-07-31'),
(46, 'Bedri', 'Rahmi Eyüboğlu', '1911-07-27', 'İstanbul', 'Türkiye', 'Ressam', 'XX. Yüzyıl', '1975-03-21'),
(47, 'Abidin', 'Dino', '1913-08-23', 'İstanbul', 'Türkiye', 'Heykeltıraş', 'XX. Yüzyıl', '1993-12-07'),
(48, 'Neşet', 'Günal', '1920-06-20', 'İstanbul', 'Türkiye', 'Ressam', 'XX. Yüzyıl', '1981-01-06'),
(49, 'İlhan', 'Koman', '1921-08-05', 'İstanbul', 'Türkiye', 'Heykeltıraş', 'XX. Yüzyıl', '1986-08-03'),
(50, 'Eren', 'Eyüboğlu', '1946-03-04', 'İstanbul', 'Türkiye', 'Ressam', 'XX. Yüzyıl', NULL),
(51, 'Türkân', 'Ürkmez', '1951-12-20', 'Ankara', 'Türkiye', 'Ressam', 'XX. Yüzyıl', NULL),
(52, 'Bedri', 'Baykam', '1957-01-26', 'Ankara', 'Türkiye', 'Ressam', 'XX. Yüzyıl', NULL),
(53, 'Hüseyin', 'Avni Lifij', '1886-01-20', 'İstanbul', 'Türkiye', 'Ressam', 'XX. Yüzyıl', '1927-07-28'),
(54, 'Zao', 'Wou-Ki', '1920-02-13', 'Beijing', 'Çin', 'Ressam', 'XX. Yüzyıl', '2013-04-09'),
(55, 'Wang', 'Yue', '1960-08-01', 'Xinxiang', 'Çin', 'Heykeltıraş', 'XX. Yüzyıl', NULL),
(56, 'Xu', 'Lei', '1963-10-13', 'Nantong', 'Çin', 'Ressam', 'XX. Yüzyıl', NULL),
(57, 'Zeng', 'Fanzhi', '1964-05-20', 'Wuhan', 'Çin', 'Ressam', 'XXI. Yüzyıl', NULL),
(58, 'Diego', 'Rivera', '1886-12-08', 'Guanajuato', 'Meksika', 'Ressam', 'XX. Yüzyıl', '1957-11-24'),
(59, 'Frida', 'Kahlo', '1907-07-06', 'Coyoacán', 'Meksika', 'Ressam', 'XX. Yüzyıl', '1954-07-13'),
(60, 'David', 'Alfaro Siqueiros', '1896-12-29', 'Chihuahua', 'Meksika', 'Ressam', 'XX. Yüzyıl', '1974-01-06');

-- --------------------------------------------------------

--
-- Tablo için tablo yapısı `sanatcı_eser_iliskisi`
--

CREATE TABLE `sanatcı_eser_iliskisi` (
  `SanatciID` int(11) NOT NULL,
  `EserID` int(11) NOT NULL
) ENGINE=InnoDB DEFAULT CHARSET=utf8mb4 COLLATE=utf8mb4_general_ci;

--
-- Tablo döküm verisi `sanatcı_eser_iliskisi`
--

INSERT INTO `sanatcı_eser_iliskisi` (`SanatciID`, `EserID`) VALUES
(1, 1),
(1, 2),
(1, 3),
(1, 4),
(1, 5),
(2, 6),
(2, 7),
(2, 8),
(2, 9),
(2, 10),
(3, 11),
(3, 12),
(3, 13),
(3, 14),
(3, 15),
(4, 16),
(4, 17),
(4, 18),
(4, 19),
(4, 20),
(5, 21),
(5, 22),
(5, 23),
(5, 24),
(5, 25),
(6, 26),
(6, 27),
(6, 28),
(6, 29),
(6, 30),
(7, 31),
(7, 32),
(7, 33),
(7, 34),
(7, 35),
(8, 36),
(8, 37),
(8, 38),
(8, 39),
(8, 40),
(9, 41),
(9, 42),
(9, 43),
(9, 44),
(9, 45),
(10, 46),
(10, 47),
(10, 48),
(10, 49),
(10, 50),
(11, 51),
(11, 52),
(11, 53),
(11, 54),
(11, 55),
(12, 56),
(12, 57),
(12, 58),
(12, 59),
(12, 60),
(13, 61),
(13, 62),
(13, 63),
(13, 64),
(13, 65),
(14, 66),
(14, 67),
(14, 68),
(14, 69),
(14, 70),
(15, 71),
(15, 72),
(15, 73),
(15, 74),
(15, 75),
(16, 76),
(16, 77),
(16, 78),
(16, 79),
(16, 80),
(17, 81),
(17, 82),
(17, 83),
(17, 84),
(17, 85),
(18, 86),
(18, 87),
(18, 88),
(18, 89),
(18, 90),
(19, 91),
(19, 92),
(19, 93),
(19, 94),
(19, 95),
(20, 96),
(20, 97),
(20, 98),
(20, 99),
(20, 100),
(21, 101),
(21, 102),
(21, 103),
(21, 104),
(21, 105),
(22, 106),
(22, 107),
(22, 108),
(22, 109),
(22, 110),
(23, 111),
(23, 112),
(23, 113),
(23, 114),
(23, 115),
(24, 116),
(24, 117),
(24, 118),
(24, 119),
(24, 120),
(25, 121),
(25, 122),
(25, 123),
(25, 124),
(25, 125),
(26, 126),
(26, 127),
(26, 128),
(26, 129),
(26, 130),
(27, 131),
(27, 132),
(27, 133),
(27, 134),
(27, 135),
(28, 136),
(28, 137),
(28, 138),
(28, 139),
(28, 140),
(29, 141),
(29, 142),
(29, 143),
(29, 144),
(29, 145),
(30, 146),
(30, 147),
(30, 148),
(30, 149),
(30, 150),
(31, 151),
(31, 152),
(31, 153),
(31, 154),
(31, 155),
(32, 156),
(32, 157),
(32, 158),
(32, 159),
(32, 160),
(33, 161),
(33, 162),
(33, 163),
(33, 164),
(33, 165),
(34, 166),
(34, 167),
(34, 168),
(34, 169),
(34, 170),
(35, 171),
(35, 172),
(35, 173),
(35, 174),
(35, 175),
(36, 176),
(36, 177),
(36, 178),
(36, 179),
(36, 180),
(37, 181),
(37, 182),
(37, 183),
(37, 184),
(37, 185),
(38, 186),
(38, 187),
(38, 188),
(38, 189),
(38, 190),
(39, 191),
(39, 192),
(39, 193),
(39, 194),
(39, 195),
(40, 196),
(40, 197),
(40, 198),
(40, 199),
(40, 200),
(41, 201),
(41, 202),
(41, 203),
(41, 204),
(41, 205),
(42, 206),
(42, 207),
(42, 208),
(42, 209),
(42, 210),
(43, 211),
(43, 212),
(43, 213),
(43, 214),
(43, 215),
(44, 216),
(44, 217),
(44, 218),
(44, 219),
(44, 220),
(45, 221),
(45, 222),
(45, 223),
(45, 224),
(45, 225),
(46, 226),
(46, 227),
(46, 228),
(46, 229),
(46, 230),
(47, 231),
(47, 232),
(47, 233),
(47, 234),
(47, 235),
(48, 236),
(48, 237),
(48, 238),
(48, 239),
(48, 240),
(49, 241),
(49, 242),
(49, 243),
(49, 244),
(49, 245),
(50, 246),
(50, 247),
(50, 248),
(50, 249),
(50, 250),
(51, 251),
(51, 252),
(51, 253),
(51, 254),
(51, 255),
(52, 256),
(52, 257),
(52, 258),
(52, 259),
(52, 260),
(53, 261),
(53, 262),
(53, 263),
(53, 264),
(53, 265),
(54, 266),
(54, 267),
(54, 268),
(54, 269),
(54, 270),
(55, 271),
(55, 272),
(55, 273),
(55, 274),
(55, 275),
(56, 276),
(56, 277),
(56, 278),
(56, 279),
(56, 280),
(57, 281),
(57, 282),
(57, 283),
(57, 284),
(57, 285),
(58, 286),
(58, 287),
(58, 288),
(58, 289),
(58, 290),
(59, 291),
(59, 292),
(59, 293),
(59, 294),
(59, 295),
(60, 296),
(60, 297),
(60, 298),
(60, 299);

-- --------------------------------------------------------

--
-- Tablo için tablo yapısı `ziyaretciler`
--

CREATE TABLE `ziyaretciler` (
  `Giriş_id` int(11) NOT NULL,
  `Tarih` date DEFAULT NULL,
  `Giriş_türü` text DEFAULT NULL,
  `Ziyaretçi_adi` text DEFAULT NULL,
  `ziyaretçi_id` int(11) DEFAULT NULL,
  `eposta` text DEFAULT NULL
) ENGINE=InnoDB DEFAULT CHARSET=utf8mb4 COLLATE=utf8mb4_general_ci;

--
-- Tablo döküm verisi `ziyaretciler`
--

INSERT INTO `ziyaretciler` (`Giriş_id`, `Tarih`, `Giriş_türü`, `Ziyaretçi_adi`, `ziyaretçi_id`, `eposta`) VALUES
(2, '2023-12-16', 'Ücretli', 'Mehmet', 2, 'jn1234@ornek.com'),
(3, '2023-12-16', 'İndirimli', 'Ayşe', 3, 'fj1234@ornek.com'),
(4, '2023-12-16', 'Öğrenci', 'Fatma', 4, 'wv1234@ornek.com'),
(5, '2023-12-16', 'Ücretli', 'Mustafa', 5, 'iv1234@ornek.com'),
(6, '2023-12-16', 'İndirimli', 'Zehra', 6, 'er1234@ornek.com'),
(7, '2023-12-16', 'Öğrenci', 'Ahmet', 7, 'vf1234@ornek.com'),
(8, '2023-12-16', 'Ücretli', 'Elif', 8, 'hp1234@ornek.com'),
(9, '2023-12-16', 'İndirimli', 'Oğuz', 9, 'mq1234@ornek.com'),
(10, '2023-12-16', 'Öğrenci', 'Gizem', 10, 'no1234@ornek.com'),
(11, '2023-12-16', 'Ücretli', 'Yusuf', 11, 'vf1234@ornek.com'),
(12, '2023-12-16', 'İndirimli', 'Dilara', 12, 'tm1234@ornek.com'),
(13, '2023-12-16', 'Öğrenci', 'Eren', 13, 'sn1234@ornek.com'),
(14, '2023-12-16', 'Ücretli', 'Ceren', 14, 'om1234@ornek.com'),
(15, '2023-12-16', 'İndirimli', 'Berfin', 15, 'es1234@ornek.com'),
(16, '2023-12-16', 'Öğrenci', 'Murat', 16, 'hd1234@ornek.com'),
(17, '2023-12-16', 'Ücretli', 'Zeki', 17, 'gd1234@ornek.com'),
(18, '2023-12-16', 'İndirimli', 'Ezgi', 18, 'ww1234@ornek.com'),
(19, '2023-12-16', 'Öğrenci', 'Gül', 19, 'zt1234@ornek.com'),
(20, '2023-12-16', 'Ücretli', 'Umut', 20, 'hr1234@ornek.com'),
(21, '2023-12-16', 'İndirimli', 'Berk', 21, 'sw1234@ornek.com'),
(22, '2023-12-16', 'Öğrenci', 'Nisa', 22, 'ny1234@ornek.com'),
(23, '2023-12-16', 'Ücretli', 'Ali', 23, 'bq1234@ornek.com'),
(24, '2023-12-16', 'İndirimli', 'Deniz', 24, 'ku1234@ornek.com'),
(25, '2023-12-16', 'Öğrenci', 'Elanur', 25, 'pr1234@ornek.com'),
(26, '2023-12-16', 'Ücretli', 'Ege', 26, 'lt1234@ornek.com'),
(27, '2023-12-16', 'İndirimli', 'Ayaz', 27, 'sn1234@ornek.com'),
(28, '2023-12-16', 'Öğrenci', 'Zara', 28, 'ad1234@ornek.com'),
(29, '2023-12-16', 'Ücretli', 'Aslı', 29, 'wk1234@ornek.com'),
(30, '2023-12-16', 'İndirimli', 'Can', 30, 'le1234@ornek.com'),
(31, '2023-12-16', 'Öğrenci', 'Ekin', 31, 'cx1234@ornek.com'),
(32, '2023-12-16', 'Ücretli', 'Ece', 32, 'od1234@ornek.com'),
(33, '2023-12-16', 'İndirimli', 'Mert', 33, 'vs1234@ornek.com'),
(34, '2023-12-16', 'Öğrenci', 'Defne', 34, 'he1234@ornek.com'),
(35, '2023-12-16', 'Ücretli', 'Okan', 35, 'kc1234@ornek.com'),
(36, '2023-12-16', 'İndirimli', 'İrem', 36, 'qq1234@ornek.com'),
(37, '2023-12-16', 'Öğrenci', 'Furkan', 37, 'nu1234@ornek.com'),
(38, '2023-12-16', 'Ücretli', 'Selma', 38, 'xg1234@ornek.com'),
(39, '2023-12-16', 'İndirimli', 'Onur', 39, 'pn1234@ornek.com'),
(40, '2023-12-16', 'Öğrenci', 'Selin', 40, 'sc1234@ornek.com'),
(41, '2023-12-16', 'Ücretli', 'Yasir', 41, 'xw1234@ornek.com'),
(42, '2023-12-16', 'İndirimli', 'Şeyma', 42, 'hq1234@ornek.com'),
(43, '2023-12-16', 'Öğrenci', 'Emir', 43, 'gx1234@ornek.com'),
(44, '2023-12-16', 'Ücretli', 'İlayda', 44, 'pj1234@ornek.com'),
(45, '2023-12-16', 'İndirimli', 'Yavuz', 45, 'dm1234@ornek.com'),
(46, '2023-12-16', 'Öğrenci', 'Sude', 46, 'ke1234@ornek.com'),
(47, '2023-12-16', 'Ücretli', 'Serkan', 47, 'mq1234@ornek.com'),
(48, '2023-12-16', 'İndirimli', 'Esra', 48, 'bv1234@ornek.com'),
(49, '2023-12-16', 'Öğrenci', 'Emine', 49, 'yk1234@ornek.com'),
(50, '2023-12-16', 'Ücretli', 'Eray', 50, 'zg1234@ornek.com'),
(51, '2023-12-16', 'Öğrenci', 'Sophia', 51, 'kg1234@ornek.com'),
(52, '2023-12-16', 'Ücretli', 'Liam', 52, 'tl1234@ornek.com'),
(53, '2023-12-16', 'İndirimli', 'Olivia', 53, 'it1234@ornek.com'),
(54, '2023-12-16', 'Öğrenci', 'Jackson', 54, 'bp1234@ornek.com'),
(55, '2023-12-16', 'Ücretli', 'Emma', 55, 'rt1234@ornek.com'),
(56, '2023-12-16', 'İndirimli', 'Aiden', 56, 'pr1234@ornek.com'),
(57, '2023-12-16', 'Öğrenci', 'Mia', 57, 'ru1234@ornek.com'),
(58, '2023-12-16', 'Ücretli', 'Lucas', 58, 'hq1234@ornek.com'),
(59, '2023-12-16', 'İndirimli', 'Ava', 59, 'lm1234@ornek.com'),
(60, '2023-12-16', 'Öğrenci', 'Liam', 60, 'nr1234@ornek.com'),
(61, '2023-12-16', 'Ücretli', 'Isabella', 61, 'gp1234@ornek.com'),
(62, '2023-12-16', 'İndirimli', 'Oliver', 62, 'ht1234@ornek.com'),
(63, '2023-12-16', 'Öğrenci', 'Sophia', 63, 'tv1234@ornek.com'),
(64, '2023-12-16', 'Ücretli', 'Lucas', 64, 'nh1234@ornek.com'),
(65, '2023-12-16', 'İndirimli', 'Emma', 65, 'bu1234@ornek.com'),
(66, '2023-12-16', 'Öğrenci', 'Mia', 66, 'jy1234@ornek.com'),
(67, '2023-12-16', 'Ücretli', 'Ethan', 67, 'uv1234@ornek.com'),
(68, '2023-12-16', 'İndirimli', 'Ava', 68, 'gb1234@ornek.com'),
(69, '2023-12-16', 'Öğrenci', 'Sophia', 69, 'uu1234@ornek.com'),
(70, '2023-12-16', 'Ücretli', 'Olivia', 70, 'vi1234@ornek.com'),
(71, '2023-12-16', 'İndirimli', 'Jackson', 71, 'et1234@ornek.com'),
(72, '2023-12-16', 'Öğrenci', 'Aiden', 72, 'no1234@ornek.com'),
(73, '2023-12-16', 'Ücretli', 'Liam', 73, 'yn1234@ornek.com'),
(74, '2023-12-16', 'İndirimli', 'Emma', 74, 'yt1234@ornek.com'),
(75, '2023-12-16', 'Öğrenci', 'Olivia', 75, 'yg1234@ornek.com'),
(76, '2023-12-16', 'Ücretli', 'Sophia', 76, 'be1234@ornek.com'),
(77, '2023-12-16', 'İndirimli', 'Ethan', 77, 'ud1234@ornek.com'),
(78, '2023-12-16', 'Öğrenci', 'Mia', 78, 'hb1234@ornek.com'),
(79, '2023-12-16', 'Ücretli', 'Ava', 79, 'jz1234@ornek.com'),
(80, '2023-12-16', 'İndirimli', 'Lucas', 80, 'ix1234@ornek.com'),
(81, '2023-12-16', 'Öğrenci', 'Isabella', 81, 'cz1234@ornek.com'),
(82, '2023-12-16', 'Ücretli', 'Oliver', 82, 'xg1234@ornek.com'),
(83, '2023-12-16', 'İndirimli', 'Sophia', 83, 'sc1234@ornek.com'),
(84, '2023-12-16', 'Öğrenci', 'Lucas', 84, 'gg1234@ornek.com'),
(85, '2023-12-16', 'Ücretli', 'Emma', 85, 'bp1234@ornek.com'),
(86, '2023-12-16', 'İndirimli', 'Mia', 86, 'hx1234@ornek.com'),
(87, '2023-12-16', 'Öğrenci', 'Ethan', 87, 'vc1234@ornek.com'),
(88, '2023-12-16', 'Ücretli', 'Ava', 88, 'un1234@ornek.com'),
(89, '2023-12-16', 'İndirimli', 'Sophia', 89, 'ck1234@ornek.com'),
(90, '2023-12-16', 'Öğrenci', 'Olivia', 90, 'jr1234@ornek.com'),
(91, '2023-12-16', 'Ücretli', 'Jackson', 91, 'so1234@ornek.com'),
(92, '2023-12-16', 'İndirimli', 'Aiden', 92, 'fi1234@ornek.com'),
(93, '2023-12-16', 'Öğrenci', 'Isabella', 93, 'yu1234@ornek.com'),
(94, '2023-12-16', 'Ücretli', 'Oliver', 94, 'fp1234@ornek.com'),
(95, '2023-12-16', 'İndirimli', 'Sophia', 95, 'jo1234@ornek.com'),
(96, '2023-12-16', 'Öğrenci', 'Mia', 96, 'yr1234@ornek.com'),
(97, '2023-12-16', 'Ücretli', 'Ethan', 97, 'yr1234@ornek.com'),
(98, '2023-12-16', 'İndirimli', 'Ava', 98, 'ru1234@ornek.com'),
(99, '2023-12-16', 'Öğrenci', 'Sophia', 99, 'jx1234@ornek.com'),
(100, '2023-12-16', 'Ücretli', 'Olivia', 100, 'ry1234@ornek.com'),
(101, '2023-12-16', 'İndirimli', 'Zeynep', 101, 'ts1234@ornek.com'),
(102, '2023-12-16', 'Öğrenci', 'Emir', 102, 'xb1234@ornek.com'),
(103, '2023-12-16', 'Ücretli', 'Elif', 103, 'cd1234@ornek.com'),
(104, '2023-12-16', 'Öğrenci', 'Ali', 104, 'gg1234@ornek.com'),
(105, '2023-12-16', 'Ücretli', 'Ceren', 105, 'xx1234@ornek.com'),
(106, '2023-12-16', 'İndirimli', 'Ege', 106, 'sw1234@ornek.com'),
(107, '2023-12-16', 'Öğrenci', 'Zehra', 107, 'vi1234@ornek.com'),
(108, '2023-12-16', 'Ücretli', 'Berk', 108, 'hi1234@ornek.com'),
(109, '2023-12-16', 'İndirimli', 'Yasemin', 109, 'le1234@ornek.com'),
(110, '2023-12-16', 'Öğrenci', 'Oğuz', 110, 'vu1234@ornek.com'),
(111, '2023-12-16', 'Ücretli', 'Cemre', 111, 'vv1234@ornek.com'),
(112, '2023-12-16', 'İndirimli', 'Efe', 112, 'cf1234@ornek.com'),
(113, '2023-12-16', 'Öğrenci', 'Melis', 113, 'mw1234@ornek.com'),
(114, '2023-12-16', 'Ücretli', 'Arda', 114, 'mk1234@ornek.com'),
(115, '2023-12-16', 'İndirimli', 'Ayşe', 115, 'bv1234@ornek.com'),
(116, '2023-12-16', 'Öğrenci', 'Can', 116, 'fm1234@ornek.com'),
(117, '2023-12-16', 'Ücretli', 'Yasin', 117, 'vq1234@ornek.com'),
(118, '2023-12-16', 'İndirimli', 'Zara', 118, 'ip1234@ornek.com'),
(119, '2023-12-16', 'Öğrenci', 'Ela', 119, 'io1234@ornek.com'),
(120, '2023-12-16', 'Ücretli', 'Kaan', 120, 'fr1234@ornek.com'),
(121, '2023-12-16', 'İndirimli', 'Cemile', 121, 'yl1234@ornek.com'),
(122, '2023-12-16', 'Öğrenci', 'Kerem', 122, 'lc1234@ornek.com'),
(123, '2023-12-16', 'Ücretli', 'Ceren', 123, 'qr1234@ornek.com'),
(124, '2023-12-16', 'İndirimli', 'Deniz', 124, 'ls1234@ornek.com'),
(125, '2023-12-16', 'Öğrenci', 'Emirhan', 125, 'ul1234@ornek.com'),
(126, '2023-12-16', 'Ücretli', 'Esra', 126, 'qu1234@ornek.com'),
(127, '2023-12-16', 'İndirimli', 'İrem', 127, 'yq1234@ornek.com'),
(128, '2023-12-16', 'Öğrenci', 'Yunus', 128, 'lj1234@ornek.com'),
(129, '2023-12-16', 'Ücretli', 'Elif', 129, 'pk1234@ornek.com'),
(130, '2023-12-16', 'İndirimli', 'Burak', 130, 'rx1234@ornek.com'),
(131, '2023-12-16', 'Öğrenci', 'Aslı', 131, 'cr1234@ornek.com'),
(132, '2023-12-16', 'Ücretli', 'Sefa', 132, 'mf1234@ornek.com'),
(133, '2023-12-16', 'İndirimli', 'Eylül', 133, 'vu1234@ornek.com'),
(134, '2023-12-16', 'Öğrenci', 'Efe', 134, 'da1234@ornek.com'),
(135, '2023-12-16', 'Ücretli', 'Selin', 135, 'tm1234@ornek.com'),
(136, '2023-12-16', 'İndirimli', 'Bora', 136, 'yq1234@ornek.com'),
(137, '2023-12-16', 'Öğrenci', 'Aylin', 137, 'qf1234@ornek.com'),
(138, '2023-12-16', 'Ücretli', 'Okan', 138, 'cx1234@ornek.com'),
(139, '2023-12-16', 'İndirimli', 'Nisan', 139, 'mc1234@ornek.com'),
(140, '2023-12-16', 'Öğrenci', 'Alp', 140, 'kh1234@ornek.com'),
(141, '2023-12-16', 'Ücretli', 'Ezgi', 141, 'fi1234@ornek.com'),
(142, '2023-12-16', 'İndirimli', 'Umut', 142, 'ik1234@ornek.com'),
(143, '2023-12-16', 'İndirimli', 'Beyza', 142, 'dj1234@ornek.com'),
(144, '2023-12-16', 'Öğrenci', 'Tolga', 143, 'hz1234@ornek.com'),
(145, '2023-12-16', 'Ücretli', 'Melike', 144, 'nj1234@ornek.com'),
(146, '2023-12-16', 'Öğrenci', 'Cihan', 145, 'un1234@ornek.com'),
(147, '2023-12-16', 'Ücretli', 'Sude', 146, 'oc1234@ornek.com'),
(148, '2023-12-16', 'İndirimli', 'Ege', 147, 'nj1234@ornek.com'),
(149, '2023-12-16', 'Öğrenci', 'Zeynep', 148, 'cq1234@ornek.com'),
(150, '2023-12-16', 'Ücretli', 'Burak', 149, 'uf1234@ornek.com'),
(151, '2023-12-16', 'İndirimli', 'Defne', 150, 'qg1234@ornek.com'),
(152, '2023-12-16', 'Öğrenci', 'Alp', 151, 'xr1234@ornek.com'),
(153, '2023-12-16', 'Ücretli', 'Ceren', 152, 'my1234@ornek.com'),
(154, '2023-12-16', 'İndirimli', 'Emir', 153, 'bz1234@ornek.com'),
(155, '2023-12-16', 'Öğrenci', 'Zara', 154, 'ht1234@ornek.com'),
(156, '2023-12-16', 'Ücretli', 'Oğuz', 155, 'ba1234@ornek.com'),
(157, '2023-12-16', 'İndirimli', 'Ece', 156, 'mt1234@ornek.com'),
(158, '2023-12-16', 'Öğrenci', 'Can', 157, 'hl1234@ornek.com'),
(159, '2023-12-16', 'Ücretli', 'Eylül', 158, 'kx1234@ornek.com'),
(160, '2023-12-16', 'İndirimli', 'Zeynep', 159, 'ly1234@ornek.com'),
(161, '2023-12-16', 'Öğrenci', 'Arda', 160, 'en1234@ornek.com'),
(162, '2023-12-16', 'Ücretli', 'Lina', 161, 'pf1234@ornek.com'),
(163, '2023-12-16', 'İndirimli', 'Cemile', 162, 'yu1234@ornek.com'),
(164, '2023-12-16', 'Öğrenci', 'Tuna', 163, 'hb1234@ornek.com'),
(165, '2023-12-16', 'Ücretli', 'Cem', 164, 'ml1234@ornek.com'),
(166, '2023-12-16', 'İndirimli', 'Melisa', 165, 'nj1234@ornek.com'),
(167, '2023-12-16', 'Öğrenci', 'Ege', 166, 'xc1234@ornek.com'),
(168, '2023-12-16', 'Ücretli', 'Zeynep', 167, 'rr1234@ornek.com'),
(169, '2023-12-16', 'İndirimli', 'Bora', 168, 'yp1234@ornek.com'),
(170, '2023-12-16', 'Öğrenci', 'Aslı', 169, 'tn1234@ornek.com'),
(171, '2023-12-16', 'Ücretli', 'Ekin', 170, 'ph1234@ornek.com'),
(172, '2023-12-16', 'İndirimli', 'Yusuf', 171, 'yf1234@ornek.com'),
(173, '2023-12-16', 'Öğrenci', 'Yaren', 172, 'yn1234@ornek.com'),
(174, '2023-12-16', 'Ücretli', 'Sarp', 173, 'av1234@ornek.com'),
(175, '2023-12-16', 'İndirimli', 'Zara', 174, 'qn1234@ornek.com'),
(176, '2023-12-16', 'Öğrenci', 'Alp', 175, 'sp1234@ornek.com'),
(177, '2023-12-16', 'Ücretli', 'Mina', 176, 'lq1234@ornek.com'),
(178, '2023-12-16', 'İndirimli', 'Berkay', 177, 'rr1234@ornek.com'),
(179, '2023-12-16', 'Öğrenci', 'Sena', 178, 'ot1234@ornek.com'),
(180, '2023-12-16', 'Ücretli', 'Kaan', 179, 'yc1234@ornek.com'),
(181, '2023-12-16', 'İndirimli', 'Rüya', 180, 'cx1234@ornek.com'),
(182, '2023-12-16', 'Öğrenci', 'Caner', 181, 'ol1234@ornek.com'),
(183, '2023-12-16', 'Ücretli', 'Ece', 182, 'tq1234@ornek.com'),
(184, '2023-12-16', 'İndirimli', 'Alperen', 183, 'ic1234@ornek.com'),
(185, '2023-12-16', 'Öğrenci', 'Zeynep', 184, 'tq1234@ornek.com'),
(186, '2023-12-16', 'Ücretli', 'Berk', 185, 'vk1234@ornek.com'),
(187, '2023-12-16', 'İndirimli', 'Elif', 186, 'qb1234@ornek.com'),
(188, '2023-12-16', 'Öğrenci', 'Tolga', 187, 'ri1234@ornek.com'),
(189, '2023-12-16', 'Ücretli', 'Sude', 188, 'pm1234@ornek.com'),
(190, '2023-12-16', 'İndirimli', 'Beyza', 189, 'nw1234@ornek.com'),
(191, '2023-12-16', 'Öğrenci', 'Ahmet', 190, 'dj1234@ornek.com'),
(192, '2023-12-16', 'Ücretli', 'Cem', 191, 'xl1234@ornek.com'),
(193, '2023-12-16', 'İndirimli', 'Defne', 192, 'mj1234@ornek.com'),
(194, '2023-12-16', 'Öğrenci', 'Kerem', 193, 'pb1234@ornek.com'),
(195, '2023-12-16', 'Ücretli', 'Eylül', 194, 'rj1234@ornek.com'),
(196, '2023-12-16', 'İndirimli', 'Yusuf', 195, 'iq1234@ornek.com'),
(197, '2023-12-16', 'Öğrenci', 'İpek', 196, 'jb1234@ornek.com'),
(198, '2023-12-16', 'Ücretli', 'Kaan', 197, 'jl1234@ornek.com'),
(199, '2023-12-16', 'İndirimli', 'Ece', 198, 'pn1234@ornek.com'),
(200, '2023-12-16', 'Öğrenci', 'Caner', 199, 'ys1234@ornek.com'),
(201, '2023-12-16', 'Ücretli', 'Liam', 200, 'sh1234@ornek.com'),
(202, '2023-12-17', 'Öğrenci', 'Ahmet', 1, 'zm1234@ornek.com'),
(203, '2023-12-17', 'Ücretli', 'Mehmet', 2, 'pu1234@ornek.com'),
(204, '2023-12-17', 'İndirimli', 'Ayşe', 3, 'fp1234@ornek.com'),
(205, '2023-12-17', 'Öğrenci', 'Fatma', 4, 'tf1234@ornek.com'),
(206, '2023-12-17', 'Ücretli', 'Mustafa', 5, 'uc1234@ornek.com'),
(207, '2023-12-17', 'İndirimli', 'Zehra', 6, 'gm1234@ornek.com'),
(208, '2023-12-17', 'Öğrenci', 'Ahmet', 7, 'xq1234@ornek.com'),
(209, '2023-12-17', 'Ücretli', 'Elif', 8, 'ep1234@ornek.com'),
(210, '2023-12-17', 'İndirimli', 'Oğuz', 9, 'om1234@ornek.com'),
(211, '2023-12-17', 'Öğrenci', 'Gizem', 10, 'pe1234@ornek.com'),
(212, '2023-12-17', 'Ücretli', 'Yusuf', 11, 'mk1234@ornek.com'),
(213, '2023-12-17', 'İndirimli', 'Dilara', 12, 'pi1234@ornek.com'),
(214, '2023-12-17', 'Öğrenci', 'Eren', 13, 'ei1234@ornek.com'),
(215, '2023-12-17', 'Ücretli', 'Ceren', 14, 'zk1234@ornek.com'),
(216, '2023-12-17', 'İndirimli', 'Berfin', 15, 'ki1234@ornek.com'),
(217, '2023-12-17', 'Öğrenci', 'Murat', 16, 'pd1234@ornek.com'),
(218, '2023-12-17', 'Ücretli', 'Zeki', 17, 'im1234@ornek.com'),
(219, '2023-12-17', 'İndirimli', 'Ezgi', 18, 'rf1234@ornek.com'),
(220, '2023-12-17', 'Öğrenci', 'Gül', 19, 'ru1234@ornek.com'),
(221, '2023-12-17', 'Ücretli', 'Umut', 20, 'hq1234@ornek.com'),
(222, '2023-12-17', 'İndirimli', 'Berk', 21, 'av1234@ornek.com'),
(223, '2023-12-17', 'Öğrenci', 'Nisa', 22, 'qn1234@ornek.com'),
(224, '2023-12-17', 'Ücretli', 'Ali', 23, 'mr1234@ornek.com'),
(225, '2023-12-17', 'İndirimli', 'Deniz', 24, 'ix1234@ornek.com'),
(226, '2023-12-17', 'Öğrenci', 'Elanur', 25, 'vb1234@ornek.com'),
(227, '2023-12-17', 'Ücretli', 'Ege', 26, 'bj1234@ornek.com'),
(228, '2023-12-17', 'İndirimli', 'Ayaz', 27, 'ld1234@ornek.com'),
(229, '2023-12-17', 'Öğrenci', 'Zara', 28, 'yx1234@ornek.com'),
(230, '2023-12-17', 'Ücretli', 'Aslı', 29, 'if1234@ornek.com'),
(231, '2023-12-17', 'İndirimli', 'Can', 30, 'pu1234@ornek.com'),
(232, '2023-12-17', 'Öğrenci', 'Ekin', 31, 'nz1234@ornek.com'),
(233, '2023-12-17', 'Ücretli', 'Ece', 32, 'jm1234@ornek.com'),
(234, '2023-12-17', 'İndirimli', 'Mert', 33, 'pl1234@ornek.com'),
(235, '2023-12-17', 'Öğrenci', 'Defne', 34, 'vw1234@ornek.com'),
(236, '2023-12-17', 'Ücretli', 'Okan', 35, 'cm1234@ornek.com'),
(237, '2023-12-17', 'İndirimli', 'İrem', 36, 'qm1234@ornek.com'),
(238, '2023-12-17', 'Öğrenci', 'Furkan', 37, 'cw1234@ornek.com'),
(239, '2023-12-17', 'Ücretli', 'Selma', 38, 'ym1234@ornek.com'),
(240, '2023-12-17', 'İndirimli', 'Onur', 39, 'cx1234@ornek.com'),
(241, '2023-12-17', 'Öğrenci', 'Selin', 40, 'cf1234@ornek.com'),
(242, '2023-12-17', 'Ücretli', 'Yasir', 41, 'kr1234@ornek.com'),
(243, '2023-12-17', 'İndirimli', 'Şeyma', 42, 'sd1234@ornek.com'),
(244, '2023-12-17', 'Öğrenci', 'Emir', 43, 'sh1234@ornek.com'),
(245, '2023-12-17', 'Ücretli', 'İlayda', 44, 'yr1234@ornek.com'),
(246, '2023-12-17', 'İndirimli', 'Yavuz', 45, 'oh1234@ornek.com'),
(247, '2023-12-17', 'Öğrenci', 'Sude', 46, 'xh1234@ornek.com'),
(248, '2023-12-17', 'Ücretli', 'Serkan', 47, 'kd1234@ornek.com'),
(249, '2023-12-17', 'İndirimli', 'Esra', 48, 'uq1234@ornek.com'),
(250, '2023-12-17', 'Öğrenci', 'Emine', 49, 'ny1234@ornek.com'),
(251, '2023-12-17', 'Ücretli', 'Eray', 50, 'll1234@ornek.com'),
(252, '2023-12-17', 'Öğrenci', 'Zeynep', 51, 'rb1234@ornek.com'),
(253, '2023-12-17', 'Ücretli', 'Eymen', 52, 'po1234@ornek.com'),
(254, '2023-12-17', 'İndirimli', 'Gabriel', 53, 'ju1234@ornek.com'),
(255, '2023-12-17', 'Studente', 'Lorenzo', 54, 'ct1234@ornek.com'),
(256, '2023-12-17', 'İndirimli', 'Yasmin', 55, 'bw1234@ornek.com'),
(257, '2023-12-17', 'Payer', 'Alicia', 56, 'pe1234@ornek.com'),
(258, '2023-12-17', 'Öğrenci', 'Sefa', 57, 'ei1234@ornek.com'),
(259, '2023-12-17', 'Payer', 'Sophie', 58, 'sg1234@ornek.com'),
(260, '2023-12-17', 'İndirimli', 'Onur', 59, 'ps1234@ornek.com'),
(261, '2023-12-17', 'Studente', 'Eva', 60, 'xg1234@ornek.com'),
(262, '2023-12-17', 'Payer', 'Matteo', 61, 'xp1234@ornek.com'),
(263, '2023-12-17', 'İndirimli', 'Lara', 62, 'sr1234@ornek.com'),
(264, '2023-12-17', 'Öğrenci', 'Kaan', 63, 'ct1234@ornek.com'),
(265, '2023-12-17', 'Ücretli', 'Melis', 64, 'qj1234@ornek.com'),
(266, '2023-12-17', 'İndirimli', 'Zara', 65, 'pe1234@ornek.com'),
(267, '2023-12-17', 'Studente', 'Marco', 66, 'ut1234@ornek.com'),
(268, '2023-12-17', 'İndirimli', 'Ayşe', 67, 'xj1234@ornek.com'),
(269, '2023-12-17', 'Payer', 'Julien', 68, 'pd1234@ornek.com'),
(270, '2023-12-17', 'Öğrenci', 'Oğuz', 69, 'gi1234@ornek.com'),
(271, '2023-12-17', 'Ücretli', 'Elif', 70, 'yt1234@ornek.com'),
(272, '2023-12-17', 'İndirimli', 'Bertrand', 71, 'oy1234@ornek.com'),
(273, '2023-12-17', 'Öğrenci', 'Elif', 72, 'ly1234@ornek.com'),
(274, '2023-12-17', 'Payer', 'Giovanni', 73, 'sa1234@ornek.com'),
(275, '2023-12-17', 'Studente', 'Antonella', 74, 'nx1234@ornek.com'),
(276, '2023-12-17', 'İndirimli', 'Ezgi', 75, 'pu1234@ornek.com'),
(277, '2023-12-17', 'Payer', 'Alessio', 76, 'sw1234@ornek.com'),
(278, '2023-12-17', 'Öğrenci', 'Ece', 77, 'pi1234@ornek.com'),
(279, '2023-12-17', 'Ücretli', 'Nicolas', 78, 'ym1234@ornek.com'),
(280, '2023-12-17', 'İndirimli', 'Emilie', 79, 'bt1234@ornek.com'),
(281, '2023-12-17', 'Öğrenci', 'Cansu', 80, 'er1234@ornek.com'),
(282, '2023-12-17', 'Payer', 'Luca', 81, 'xq1234@ornek.com'),
(283, '2023-12-17', 'Studente', 'Enzo', 82, 'uy1234@ornek.com'),
(284, '2023-12-17', 'İndirimli', 'Lara', 83, 'jj1234@ornek.com'),
(285, '2023-12-17', 'Payer', 'Adele', 84, 'eh1234@ornek.com'),
(286, '2023-12-17', 'Öğrenci', 'Mert', 85, 'lp1234@ornek.com'),
(287, '2023-12-17', 'Ücretli', 'Chloe', 86, 'ut1234@ornek.com'),
(288, '2023-12-17', 'İndirimli', 'Thibault', 87, 'cx1234@ornek.com'),
(289, '2023-12-17', 'Öğrenci', 'Burak', 88, 'yv1234@ornek.com'),
(290, '2023-12-17', 'Payer', 'Bianca', 89, 'ph1234@ornek.com'),
(291, '2023-12-17', 'Studente', 'Giuseppe', 90, 'nq1234@ornek.com'),
(292, '2023-12-17', 'İndirimli', 'Melis', 91, 'jv1234@ornek.com'),
(293, '2023-12-17', 'Payer', 'Claire', 92, 'tr1234@ornek.com'),
(294, '2023-12-17', 'Öğrenci', 'Deniz', 93, 'jo1234@ornek.com'),
(295, '2023-12-17', 'Ücretli', 'Mathieu', 94, 'sq1234@ornek.com'),
(296, '2023-12-17', 'İndirimli', 'Manon', 95, 'ac1234@ornek.com'),
(297, '2023-12-17', 'Öğrenci', 'Büşra', 96, 'ym1234@ornek.com'),
(298, '2023-12-17', 'Payer', 'Antoine', 97, 'dd1234@ornek.com'),
(299, '2023-12-17', 'Studente', 'Celine', 98, 'xu1234@ornek.com'),
(300, '2023-12-17', 'İndirimli', 'Selim', 99, 'vm1234@ornek.com'),
(301, '2023-12-17', 'Payer', 'Helene', 100, 'fg1234@ornek.com'),
(302, '2023-12-18', 'Öğrenci', 'Eren', 1, 'wu1234@ornek.com'),
(303, '2023-12-18', 'Ücretli', 'Melisa', 2, 'tk1234@ornek.com'),
(304, '2023-12-18', 'İndirimli', 'Lucas', 3, 'wy1234@ornek.com'),
(305, '2023-12-18', 'Öğrenci', 'Eva', 4, 'ps1234@ornek.com'),
(306, '2023-12-18', 'İndirimli', 'Zara', 5, 'qw1234@ornek.com'),
(307, '2023-12-18', 'Ücretli', 'Antoine', 6, 'yi1234@ornek.com'),
(308, '2023-12-18', 'Öğrenci', 'Sedef', 7, 'mk1234@ornek.com'),
(309, '2023-12-18', 'Ücretli', 'Sophie', 8, 'na1234@ornek.com'),
(310, '2023-12-18', 'İndirimli', 'Can', 9, 'en1234@ornek.com'),
(311, '2023-12-18', 'Öğrenci', 'Ayşe', 10, 'ar1234@ornek.com'),
(312, '2023-12-18', 'Ücretli', 'Ege', 11, 'ox1234@ornek.com'),
(313, '2023-12-18', 'İndirimli', 'Ecrin', 12, 'yy1234@ornek.com'),
(314, '2023-12-18', 'Öğrenci', 'Cem', 13, 'nw1234@ornek.com'),
(315, '2023-12-18', 'Ücretli', 'Deniz', 14, 'ew1234@ornek.com'),
(316, '2023-12-18', 'İndirimli', 'Elif', 15, 'ru1234@ornek.com'),
(317, '2023-12-18', 'İndirimli', 'Murat', 16, 'qd1234@ornek.com'),
(318, '2023-12-18', 'Ücretli', 'Zehra', 17, 'ci1234@ornek.com'),
(319, '2023-12-18', 'Öğrenci', 'Kaan', 18, 'el1234@ornek.com'),
(320, '2023-12-18', 'Ücretli', 'Buse', 19, 'sc1234@ornek.com'),
(321, '2023-12-18', 'İndirimli', 'Ali', 20, 'no1234@ornek.com'),
(322, '2023-12-18', 'Ücretli', 'Mira', 21, 'ph1234@ornek.com'),
(323, '2023-12-18', 'İndirimli', 'Emre', 22, 'qr1234@ornek.com'),
(324, '2023-12-18', 'Öğrenci', 'Selma', 23, 'xs1234@ornek.com'),
(325, '2023-12-18', 'Ücretli', 'Ege', 24, 'ob1234@ornek.com'),
(326, '2023-12-18', 'İndirimli', 'Aslı', 25, 'uw1234@ornek.com'),
(327, '2023-12-18', 'Ücretli', 'Yusuf', 26, 'ey1234@ornek.com'),
(328, '2023-12-18', 'İndirimli', 'Cansu', 27, 'jd1234@ornek.com'),
(329, '2023-12-18', 'Öğrenci', 'Efe', 28, 'hs1234@ornek.com'),
(330, '2023-12-18', 'Ücretli', 'Ada', 29, 'da1234@ornek.com'),
(331, '2023-12-18', 'İndirimli', 'Berk', 30, 'mi1234@ornek.com'),
(332, '2023-12-18', 'Öğrenci', 'Elif', 31, 'bq1234@ornek.com'),
(333, '2023-12-18', 'Ücretli', 'Oğuz', 32, 'lb1234@ornek.com'),
(334, '2023-12-18', 'İndirimli', 'Büşra', 33, 'zl1234@ornek.com'),
(335, '2023-12-18', 'Öğrenci', 'Yavuz', 34, 'gh1234@ornek.com'),
(336, '2023-12-18', 'Ücretli', 'Zeynep', 35, 'no1234@ornek.com'),
(337, '2023-12-18', 'İndirimli', 'Cemre', 36, 'kh1234@ornek.com'),
(338, '2023-12-18', 'Öğrenci', 'Sude', 37, 'nu1234@ornek.com'),
(339, '2023-12-18', 'Ücretli', 'Ege', 38, 'lc1234@ornek.com'),
(340, '2023-12-18', 'İndirimli', 'Arda', 39, 'ma1234@ornek.com'),
(341, '2023-12-18', 'Öğrenci', 'Tolga', 40, 'yb1234@ornek.com'),
(342, '2023-12-18', 'Ücretli', 'Melike', 41, 'rh1234@ornek.com'),
(343, '2023-12-18', 'İndirimli', 'Cihan', 42, 'gw1234@ornek.com'),
(344, '2023-12-18', 'Öğrenci', 'Sude', 43, 'fs1234@ornek.com'),
(345, '2023-12-18', 'Ücretli', 'Ege', 44, 'nu1234@ornek.com'),
(346, '2023-12-18', 'İndirimli', 'Zeynep', 45, 'pw1234@ornek.com'),
(347, '2023-12-18', 'Öğrenci', 'Burak', 46, 'un1234@ornek.com'),
(348, '2023-12-18', 'Ücretli', 'Defne', 47, 'vj1234@ornek.com'),
(349, '2023-12-18', 'İndirimli', 'Sophia', 48, 'yf1234@ornek.com'),
(350, '2023-12-18', 'Öğrenci', 'Liam', 49, 'bw1234@ornek.com'),
(351, '2023-12-18', 'Ücretli', 'Olivia', 50, 'el1234@ornek.com'),
(352, '2023-12-18', 'İndirimli', 'Jackson', 51, 'tx1234@ornek.com'),
(353, '2023-12-18', 'Öğrenci', 'Aiden', 52, 'ro1234@ornek.com'),
(354, '2023-12-18', 'Ücretli', 'Mia', 53, 'xm1234@ornek.com'),
(355, '2023-12-18', 'İndirimli', 'Lucas', 54, 'xp1234@ornek.com'),
(356, '2023-12-18', 'Öğrenci', 'Emma', 55, 'cw1234@ornek.com'),
(357, '2023-12-18', 'Ücretli', 'Sophia', 56, 'eg1234@ornek.com'),
(358, '2023-12-18', 'İndirimli', 'Ethan', 57, 'id1234@ornek.com'),
(359, '2023-12-18', 'Öğrenci', 'Mia', 58, 'he1234@ornek.com'),
(360, '2023-12-18', 'Ücretli', 'Ava', 59, 'cr1234@ornek.com'),
(361, '2023-12-18', 'İndirimli', 'Liam', 60, 'xb1234@ornek.com'),
(362, '2023-12-18', 'Öğrenci', 'Isabella', 61, 'em1234@ornek.com'),
(363, '2023-12-18', 'Ücretli', 'Oliver', 62, 'hn1234@ornek.com'),
(364, '2023-12-18', 'İndirimli', 'Sophia', 63, 'jk1234@ornek.com'),
(365, '2023-12-18', 'Öğrenci', 'Lucas', 64, 'iw1234@ornek.com'),
(366, '2023-12-18', 'Ücretli', 'Emma', 65, 'mc1234@ornek.com'),
(367, '2023-12-18', 'İndirimli', 'Mia', 66, 'll1234@ornek.com'),
(368, '2023-12-18', 'Öğrenci', 'Ethan', 67, 'jb1234@ornek.com'),
(369, '2023-12-18', 'Ücretli', 'Ava', 68, 'xq1234@ornek.com'),
(370, '2023-12-18', 'İndirimli', 'Sophia', 69, 'ig1234@ornek.com'),
(371, '2023-12-18', 'Öğrenci', 'Olivia', 70, 'oa1234@ornek.com'),
(372, '2023-12-18', 'Ücretli', 'Jackson', 71, 'yq1234@ornek.com'),
(373, '2023-12-18', 'İndirimli', 'Aiden', 72, 'rk1234@ornek.com'),
(374, '2023-12-18', 'Öğrenci', 'Liam', 73, 'ux1234@ornek.com'),
(375, '2023-12-18', 'Ücretli', 'Emma', 74, 'gr1234@ornek.com'),
(376, '2023-12-18', 'İndirimli', 'Olivia', 75, 'ky1234@ornek.com'),
(377, '2023-12-18', 'Öğrenci', 'Sophia', 76, 'ir1234@ornek.com'),
(378, '2023-12-18', 'Ücretli', 'Ethan', 77, 'ux1234@ornek.com'),
(379, '2023-12-18', 'İndirimli', 'Mia', 78, 'ki1234@ornek.com'),
(380, '2023-12-18', 'Öğrenci', 'Ava', 79, 'wg1234@ornek.com'),
(381, '2023-12-18', 'Ücretli', 'Lucas', 80, 'qc1234@ornek.com'),
(382, '2023-12-18', 'İndirimli', 'Isabella', 81, 'fn1234@ornek.com'),
(383, '2023-12-18', 'Öğrenci', 'Oliver', 82, 're1234@ornek.com'),
(384, '2023-12-18', 'Ücretli', 'Sophia', 83, 'ti1234@ornek.com'),
(385, '2023-12-18', 'İndirimli', 'Lucas', 84, 'ef1234@ornek.com'),
(386, '2023-12-18', 'Öğrenci', 'Emma', 85, 'sh1234@ornek.com'),
(387, '2023-12-18', 'Ücretli', 'Mia', 86, 'mm1234@ornek.com'),
(388, '2023-12-18', 'İndirimli', 'Ethan', 87, 'xk1234@ornek.com'),
(389, '2023-12-18', 'Öğrenci', 'Ava', 88, 'po1234@ornek.com'),
(390, '2023-12-18', 'Ücretli', 'Sophia', 89, 'oo1234@ornek.com'),
(391, '2023-12-18', 'İndirimli', 'Olivia', 90, 'go1234@ornek.com'),
(392, '2023-12-18', 'Öğrenci', 'Jackson', 91, 'zn1234@ornek.com'),
(393, '2023-12-18', 'Ücretli', 'Aiden', 92, 'qg1234@ornek.com'),
(394, '2023-12-18', 'İndirimli', 'Isabella', 93, 'xo1234@ornek.com'),
(395, '2023-12-18', 'Öğrenci', 'Oliver', 94, 'no1234@ornek.com'),
(396, '2023-12-18', 'Ücretli', 'Sophia', 95, 'hw1234@ornek.com'),
(397, '2023-12-18', 'İndirimli', 'Mia', 96, 'vr1234@ornek.com'),
(398, '2023-12-18', 'Öğrenci', 'Ethan', 97, 'kj1234@ornek.com'),
(399, '2023-12-18', 'Ücretli', 'Ava', 98, 'wp1234@ornek.com'),
(400, '2023-12-18', 'İndirimli', 'Sophia', 99, 'yr1234@ornek.com'),
(401, '2023-12-18', 'Ücretli', 'Lucas', 100, 'ze1234@ornek.com'),
(402, '2023-12-19', 'Öğrenci', 'Giuseppe', 1, 'he1234@ornek.com'),
(403, '2023-12-19', 'Ücretli', 'Mehmet', 2, 'ri1234@ornek.com'),
(404, '2023-12-19', 'İndirimli', 'Camille', 3, 'bh1234@ornek.com'),
(405, '2023-12-19', 'Öğrenci', 'Claire', 4, 'bb1234@ornek.com'),
(406, '2023-12-19', 'Ücretli', 'Matteo', 5, 'rw1234@ornek.com'),
(407, '2023-12-19', 'İndirimli', 'Zehra', 6, 'gb1234@ornek.com'),
(408, '2023-12-19', 'Öğrenci', 'Osman', 7, 'sv1234@ornek.com'),
(409, '2023-12-19', 'Ücretli', 'Elif', 8, 'vz1234@ornek.com'),
(410, '2023-12-19', 'İndirimli', 'Olivier', 9, 'zt1234@ornek.com'),
(411, '2023-12-19', 'Öğrenci', 'Gizem', 10, 'fi1234@ornek.com'),
(412, '2023-12-19', 'Ücretli', 'Isabella', 11, 'xq1234@ornek.com'),
(413, '2023-12-19', 'İndirimli', 'Luca', 12, 'gy1234@ornek.com'),
(414, '2023-12-19', 'Öğrenci', 'Sophia', 13, 'bj1234@ornek.com'),
(415, '2023-12-19', 'Ücretli', 'Lucas', 14, 'rt1234@ornek.com'),
(416, '2023-12-19', 'İndirimli', 'Emma', 15, 'up1234@ornek.com'),
(417, '2023-12-19', 'Öğrenci', 'Mia', 16, 'pq1234@ornek.com'),
(418, '2023-12-19', 'Ücretli', 'Étienne', 17, 'ox1234@ornek.com'),
(419, '2023-12-19', 'İndirimli', 'Ava', 18, 'bi1234@ornek.com'),
(420, '2023-12-19', 'Öğrenci', 'Chiara', 19, 'fs1234@ornek.com'),
(421, '2023-12-19', 'Ücretli', 'Olivia', 20, 'ys1234@ornek.com'),
(422, '2023-12-19', 'İndirimli', 'Jackson', 21, 'eu1234@ornek.com'),
(423, '2023-12-19', 'Öğrenci', 'Aiden', 22, 'ap1234@ornek.com'),
(424, '2023-12-19', 'Ücretli', 'Liam', 23, 'jq1234@ornek.com'),
(425, '2023-12-19', 'İndirimli', 'Emma', 24, 'wy1234@ornek.com'),
(426, '2023-12-19', 'Öğrenci', 'Olivia', 25, 'yg1234@ornek.com'),
(427, '2023-12-19', 'Ücretli', 'Sophia', 26, 'ij1234@ornek.com'),
(428, '2023-12-19', 'İndirimli', 'Ethan', 27, 'eg1234@ornek.com'),
(429, '2023-12-19', 'Öğrenci', 'Mia', 28, 'fq1234@ornek.com'),
(430, '2023-12-19', 'Ücretli', 'Ava', 29, 'zg1234@ornek.com'),
(431, '2023-12-19', 'İndirimli', 'Lucas', 30, 'ki1234@ornek.com'),
(432, '2023-12-19', 'Öğrenci', 'Isabella', 31, 'tw1234@ornek.com'),
(433, '2023-12-19', 'Ücretli', 'Oliver', 32, 'nl1234@ornek.com'),
(434, '2023-12-19', 'İndirimli', 'Sophia', 33, 'ga1234@ornek.com'),
(435, '2023-12-19', 'Öğrenci', 'Lucas', 34, 'ux1234@ornek.com'),
(436, '2023-12-19', 'Ücretli', 'Emma', 35, 'mq1234@ornek.com'),
(437, '2023-12-19', 'İndirimli', 'Mia', 36, 'fl1234@ornek.com'),
(438, '2023-12-19', 'Öğrenci', 'Ethan', 37, 'rp1234@ornek.com'),
(439, '2023-12-19', 'Ücretli', 'Ava', 38, 'sv1234@ornek.com'),
(440, '2023-12-19', 'İndirimli', 'Sophia', 39, 'fn1234@ornek.com'),
(441, '2023-12-19', 'Öğrenci', 'Olivia', 40, 'vy1234@ornek.com'),
(442, '2023-12-19', 'Ücretli', 'Jackson', 41, 'ed1234@ornek.com'),
(443, '2023-12-19', 'İndirimli', 'Aiden', 42, 'rr1234@ornek.com'),
(444, '2023-12-19', 'Öğrenci', 'Isabella', 43, 'di1234@ornek.com'),
(445, '2023-12-19', 'Ücretli', 'Oliver', 44, 'gl1234@ornek.com'),
(446, '2023-12-19', 'İndirimli', 'Sophia', 45, 'ms1234@ornek.com'),
(447, '2023-12-19', 'Öğrenci', 'Luca', 46, 'ih1234@ornek.com'),
(448, '2023-12-19', 'Ücretli', 'Emma', 47, 'nd1234@ornek.com'),
(449, '2023-12-19', 'İndirimli', 'Lucas', 48, 'di1234@ornek.com'),
(450, '2023-12-19', 'Öğrenci', 'Matteo', 49, 'hr1234@ornek.com'),
(451, '2023-12-19', 'Ücretli', 'Giulia', 50, 'pk1234@ornek.com'),
(452, '2023-12-19', 'İndirimli', 'Antoine', 51, 'bm1234@ornek.com'),
(453, '2023-12-19', 'Öğrenci', 'Elif', 52, 'qo1234@ornek.com'),
(454, '2023-12-19', 'Ücretli', 'Raphael', 53, 'ag1234@ornek.com'),
(455, '2023-12-19', 'İndirimli', 'Sophie', 54, 'dc1234@ornek.com'),
(456, '2023-12-19', 'Öğrenci', 'Fabio', 55, 'di1234@ornek.com'),
(457, '2023-12-19', 'Ücretli', 'Zara', 56, 'cw1234@ornek.com'),
(458, '2023-12-19', 'İndirimli', 'Louis', 57, 'de1234@ornek.com'),
(459, '2023-12-19', 'Öğrenci', 'Elise', 58, 'tn1234@ornek.com'),
(460, '2023-12-19', 'Ücretli', 'Matthieu', 59, 'oe1234@ornek.com'),
(461, '2023-12-19', 'İndirimli', 'Nina', 60, 'cz1234@ornek.com'),
(462, '2023-12-19', 'Öğrenci', 'Leon', 61, 'zn1234@ornek.com'),
(463, '2023-12-19', 'Ücretli', 'Amélie', 62, 'rm1234@ornek.com'),
(464, '2023-12-19', 'İndirimli', 'Hugo', 63, 'fz1234@ornek.com'),
(465, '2023-12-19', 'Öğrenci', 'Eva', 64, 'ux1234@ornek.com'),
(466, '2023-12-19', 'Ücretli', 'Théo', 65, 'oy1234@ornek.com'),
(467, '2023-12-19', 'İndirimli', 'Sophie', 66, 'am1234@ornek.com'),
(468, '2023-12-19', 'Öğrenci', 'Luc', 67, 'jt1234@ornek.com'),
(469, '2023-12-19', 'Ücretli', 'Céline', 68, 'ni1234@ornek.com'),
(470, '2023-12-19', 'İndirimli', 'Maxime', 69, 'ks1234@ornek.com'),
(471, '2023-12-19', 'Öğrenci', 'Manon', 70, 'sm1234@ornek.com'),
(472, '2023-12-19', 'Ücretli', 'Léo', 71, 'xr1234@ornek.com'),
(473, '2023-12-19', 'İndirimli', 'Juliette', 72, 'vv1234@ornek.com'),
(474, '2023-12-19', 'Öğrenci', 'Alexandre', 73, 'oy1234@ornek.com'),
(475, '2023-12-19', 'Ücretli', 'Léa', 74, 'un1234@ornek.com'),
(476, '2023-12-19', 'İndirimli', 'Enzo', 75, 'rq1234@ornek.com'),
(477, '2023-12-19', 'Öğrenci', 'Louise', 76, 'bq1234@ornek.com'),
(478, '2023-12-19', 'Ücretli', 'Gabriel', 77, 'hj1234@ornek.com'),
(479, '2023-12-19', 'İndirimli', 'Chloé', 78, 'kj1234@ornek.com'),
(480, '2023-12-19', 'Öğrenci', 'Romain', 79, 'ls1234@ornek.com'),
(481, '2023-12-19', 'Ücretli', 'Anaïs', 80, 'no1234@ornek.com'),
(482, '2023-12-20', 'İndirimli', 'Elif', 1, 'wj1234@ornek.com'),
(483, '2023-12-20', 'Öğrenci', 'Giovanni', 2, 'zj1234@ornek.com'),
(484, '2023-12-20', 'Ücretli', 'Burak', 3, 'or1234@ornek.com'),
(485, '2023-12-20', 'İndirimli', 'Isabella', 4, 'qx1234@ornek.com'),
(486, '2023-12-20', 'Öğrenci', 'Luca', 5, 'cb1234@ornek.com'),
(487, '2023-12-20', 'Ücretli', 'Deniz', 6, 'dl1234@ornek.com'),
(488, '2023-12-20', 'İndirimli', 'Alessia', 7, 'wu1234@ornek.com'),
(489, '2023-12-20', 'Öğrenci', 'Ege', 8, 'yh1234@ornek.com'),
(490, '2023-12-20', 'Ücretli', 'Matteo', 9, 'wu1234@ornek.com'),
(491, '2023-12-20', 'İndirimli', 'Zeynep', 10, 'gg1234@ornek.com'),
(492, '2023-12-20', 'Öğrenci', 'Gabriele', 11, 'jn1234@ornek.com'),
(493, '2023-12-20', 'Ücretli', 'Cemre', 12, 'pd1234@ornek.com'),
(494, '2023-12-20', 'İndirimli', 'Elena', 13, 'me1234@ornek.com'),
(495, '2023-12-20', 'Öğrenci', 'Liam', 14, 'zd1234@ornek.com'),
(496, '2023-12-20', 'Ücretli', 'Giulia', 15, 'mu1234@ornek.com'),
(497, '2023-12-20', 'İndirimli', 'Elif', 16, 'wd1234@ornek.com'),
(498, '2023-12-20', 'Öğrenci', 'Luca', 17, 'ed1234@ornek.com'),
(499, '2023-12-20', 'Ücretli', 'Ezgi', 18, 'cb1234@ornek.com'),
(500, '2023-12-20', 'İndirimli', 'Matteo', 19, 'jn1234@ornek.com'),
(501, '2023-12-20', 'Öğrenci', 'Sophia', 20, 'zl1234@ornek.com'),
(502, '2023-12-20', 'Ücretli', 'Gabriel', 21, 'rs1234@ornek.com'),
(503, '2023-12-20', 'İndirimli', 'Valentina', 22, 'fx1234@ornek.com'),
(504, '2023-12-20', 'Öğrenci', 'Cihan', 23, 'nk1234@ornek.com'),
(505, '2023-12-20', 'Ücretli', 'Chiara', 24, 'id1234@ornek.com'),
(506, '2023-12-20', 'İndirimli', 'Elif', 25, 'mt1234@ornek.com'),
(507, '2023-12-20', 'Öğrenci', 'Leonardo', 26, 'or1234@ornek.com'),
(508, '2023-12-20', 'Ücretli', 'Ela', 27, 're1234@ornek.com'),
(509, '2023-12-20', 'İndirimli', 'Lorenzo', 28, 'lw1234@ornek.com'),
(510, '2023-12-20', 'Öğrenci', 'Aylin', 29, 'sk1234@ornek.com'),
(511, '2023-12-20', 'Ücretli', 'Sophie', 30, 'qw1234@ornek.com'),
(512, '2023-12-21', 'Öğrenci', 'Ahmet', 1, 'ps1234@ornek.com'),
(513, '2023-12-21', 'Ücretli', 'Ayşe', 2, 'mh1234@ornek.com'),
(514, '2023-12-12', 'İndirimli', 'Mustafa', 3, 'tc1234@ornek.com'),
(515, '2023-12-21', 'Öğrenci', 'Zeynep', 4, 'gv1234@ornek.com'),
(516, '2023-12-21', 'Ücretli', 'Mehmet', 5, 'fj1234@ornek.com'),
(517, '2023-12-21', 'İndirimli', 'Fatma', 6, 'rw1234@ornek.com'),
(518, '2023-12-21', 'Öğrenci', 'Ali', 7, 'se1234@ornek.com'),
(519, '2023-12-21', 'Ücretli', 'Gizem', 8, 'uy1234@ornek.com'),
(520, '2023-12-21', 'İndirimli', 'Yusuf', 9, 'nc1234@ornek.com'),
(521, '2023-12-21', 'Öğrenci', 'Ceren', 10, 'dy1234@ornek.com'),
(522, '2023-12-21', 'Ücretli', 'Eren', 11, 'ij1234@ornek.com'),
(523, '2023-12-21', 'İndirimli', 'Elif', 12, 'pv1234@ornek.com'),
(524, '2023-12-21', 'Öğrenci', 'Burak', 13, 'op1234@ornek.com'),
(525, '2023-12-21', 'Ücretli', 'Selma', 14, 'sp1234@ornek.com'),
(526, '2023-12-21', 'İndirimli', 'Oğuz', 15, 'ad1234@ornek.com'),
(527, '2023-12-21', 'Öğrenci', 'Cemre', 16, 'ud1234@ornek.com'),
(528, '2023-12-21', 'Ücretli', 'Emir', 17, 'jk1234@ornek.com'),
(529, '2023-12-21', 'İndirimli', 'Aslı', 18, 'yk1234@ornek.com'),
(530, '2023-12-21', 'Öğrenci', 'Berk', 19, 'xo1234@ornek.com'),
(531, '2023-12-21', 'Ücretli', 'Nisa', 20, 'ky1234@ornek.com'),
(532, '2023-12-21', 'İndirimli', 'Deniz', 21, 'gj1234@ornek.com'),
(533, '2023-12-21', 'Öğrenci', 'Can', 22, 'mb1234@ornek.com'),
(534, '2023-12-21', 'Ücretli', 'Ekin', 23, 'qw1234@ornek.com'),
(535, '2023-12-21', 'İndirimli', 'Ece', 24, 'wv1234@ornek.com'),
(536, '2023-12-21', 'Öğrenci', 'Mert', 25, 'jc1234@ornek.com'),
(537, '2023-12-21', 'Ücretli', 'Defne', 26, 'os1234@ornek.com'),
(538, '2023-12-21', 'İndirimli', 'Okan', 27, 'ow1234@ornek.com'),
(539, '2023-12-21', 'Öğrenci', 'İrem', 28, 'cd1234@ornek.com'),
(540, '2023-12-21', 'Ücretli', 'Selin', 29, 'jv1234@ornek.com'),
(541, '2023-12-21', 'İndirimli', 'Yasir', 30, 'dh1234@ornek.com'),
(542, '2023-12-21', 'Öğrenci', 'Şeyma', 31, 'xt1234@ornek.com'),
(543, '2023-12-21', 'Ücretli', 'Emir', 32, 'el1234@ornek.com'),
(544, '2023-12-21', 'İndirimli', 'İlayda', 33, 'qw1234@ornek.com'),
(545, '2023-12-21', 'Öğrenci', 'Yavuz', 34, 'ps1234@ornek.com'),
(546, '2023-12-21', 'Ücretli', 'Sude', 35, 'vu1234@ornek.com'),
(547, '2023-12-21', 'İndirimli', 'Serkan', 36, 'pu1234@ornek.com'),
(548, '2023-12-21', 'Öğrenci', 'Esra', 37, 'nd1234@ornek.com'),
(549, '2023-12-21', 'Ücretli', 'Emine', 38, 'iw1234@ornek.com'),
(550, '2023-12-21', 'İndirimli', 'Eray', 39, 'dn1234@ornek.com'),
(551, '2023-12-21', 'Öğrenci', 'Sophia', 40, 'xp1234@ornek.com'),
(552, '2023-12-21', 'Ücretli', 'Liam', 41, 'cf1234@ornek.com'),
(553, '2023-12-21', 'İndirimli', 'Olivia', 42, 'oh1234@ornek.com'),
(554, '2023-12-21', 'Öğrenci', 'Jackson', 43, 'vb1234@ornek.com'),
(555, '2023-12-21', 'Ücretli', 'Emma', 44, 'gc1234@ornek.com'),
(556, '2023-12-21', 'İndirimli', 'Aiden', 45, 'tl1234@ornek.com'),
(557, '2023-12-21', 'Öğrenci', 'Mia', 46, 'zj1234@ornek.com'),
(558, '2023-12-21', 'Ücretli', 'Lucas', 47, 'ln1234@ornek.com'),
(559, '2023-12-21', 'İndirimli', 'Ava', 48, 'yx1234@ornek.com'),
(560, '2023-12-21', 'Öğrenci', 'Sophia', 49, 'kd1234@ornek.com'),
(561, '2023-12-21', 'Ücretli', 'Olivia', 50, 'mi1234@ornek.com'),
(562, '2023-12-21', 'İndirimli', 'Zeynep', 51, 'qw1234@ornek.com'),
(563, '2023-12-21', 'Öğrenci', 'Emir', 52, 'sd1234@ornek.com'),
(564, '2023-12-21', 'Ücretli', 'Elif', 53, 'tn1234@ornek.com'),
(565, '2023-12-21', 'İndirimli', 'Ali', 54, 'yy1234@ornek.com'),
(566, '2023-12-21', 'Öğrenci', 'Ceren', 55, 'nb1234@ornek.com'),
(567, '2023-12-21', 'Ücretli', 'Ege', 56, 'sv1234@ornek.com'),
(568, '2023-12-21', 'İndirimli', 'Zehra', 57, 'bt1234@ornek.com'),
(569, '2023-12-21', 'Öğrenci', 'Berk', 58, 'pr1234@ornek.com'),
(570, '2023-12-21', 'Ücretli', 'Yasemin', 59, 'oj1234@ornek.com'),
(571, '2023-12-21', 'İndirimli', 'Oğuz', 60, 'ys1234@ornek.com'),
(572, '2023-12-21', 'Öğrenci', 'Cemre', 61, 'vt1234@ornek.com'),
(573, '2023-12-21', 'Ücretli', 'Efe', 62, 'xy1234@ornek.com'),
(574, '2023-12-21', 'İndirimli', 'Melis', 63, 'wq1234@ornek.com'),
(575, '2023-12-21', 'Öğrenci', 'Arda', 64, 'hb1234@ornek.com'),
(576, '2023-12-21', 'Ücretli', 'Ayşe', 65, 'ei1234@ornek.com'),
(577, '2023-12-21', 'İndirimli', 'Can', 66, 'iu1234@ornek.com'),
(578, '2023-12-21', 'Öğrenci', 'Yasin', 67, 'ow1234@ornek.com'),
(579, '2023-12-21', 'Ücretli', 'Zara', 68, 'rj1234@ornek.com'),
(580, '2023-12-21', 'İndirimli', 'Ela', 69, 'ap1234@ornek.com'),
(581, '2023-12-21', 'Öğrenci', 'Kaan', 70, 'fx1234@ornek.com'),
(582, '2023-12-21', 'Ücretli', 'Cemile', 71, 'js1234@ornek.com'),
(583, '2023-12-21', 'İndirimli', 'Kerem', 72, 'vj1234@ornek.com'),
(584, '2023-12-21', 'Öğrenci', 'Ceren', 73, 'pz1234@ornek.com'),
(585, '2023-12-21', 'Ücretli', 'Deniz', 74, 'se1234@ornek.com'),
(586, '2023-12-21', 'İndirimli', 'Emirhan', 75, 'nu1234@ornek.com'),
(587, '2023-12-21', 'Öğrenci', 'Esra', 76, 'or1234@ornek.com'),
(588, '2023-12-21', 'Ücretli', 'İrem', 77, 'kw1234@ornek.com'),
(589, '2023-12-21', 'İndirimli', 'Yunus', 78, 'hw1234@ornek.com'),
(590, '2023-12-21', 'Öğrenci', 'Elif', 79, 'da1234@ornek.com'),
(591, '2023-12-21', 'Ücretli', 'Burak', 80, 'js1234@ornek.com'),
(592, '2023-12-21', 'Öğrenci', 'Defne', 81, 'mt1234@ornek.com'),
(593, '2023-12-21', 'Ücretli', 'Okan', 82, 'cw1234@ornek.com'),
(594, '2023-12-21', 'İndirimli', 'Nisan', 83, 'ib1234@ornek.com'),
(595, '2023-12-21', 'Öğrenci', 'Alp', 84, 'aj1234@ornek.com'),
(596, '2023-12-21', 'Ücretli', 'Ezgi', 85, 'dc1234@ornek.com'),
(597, '2023-12-21', 'İndirimli', 'Umut', 86, 'bz1234@ornek.com'),
(598, '2023-12-21', 'Öğrenci', 'Beyza', 87, 'ej1234@ornek.com'),
(599, '2023-12-21', 'Ücretli', 'Tolga', 88, 'ri1234@ornek.com'),
(600, '2023-12-21', 'İndirimli', 'Melike', 89, 'yc1234@ornek.com'),
(601, '2023-12-21', 'Öğrenci', 'Cihan', 90, 'ms1234@ornek.com'),
(602, '2023-12-21', 'Ücretli', 'Sude', 91, 'ry1234@ornek.com'),
(603, '2023-12-21', 'İndirimli', 'Ege', 92, 'xh1234@ornek.com'),
(604, '2023-12-21', 'Öğrenci', 'Zeynep', 93, 'kc1234@ornek.com'),
(605, '2023-12-21', 'Ücretli', 'Burak', 94, 'my1234@ornek.com'),
(606, '2023-12-21', 'İndirimli', 'Defne', 95, 'gy1234@ornek.com'),
(607, '2023-12-21', 'Öğrenci', 'Okan', 96, 'ev1234@ornek.com'),
(608, '2023-12-21', 'Ücretli', 'Emir', 97, 'bb1234@ornek.com'),
(609, '2023-12-21', 'İndirimli', 'Aylin', 98, 'mc1234@ornek.com'),
(610, '2023-12-21', 'Öğrenci', 'Sophia', 99, 'sn1234@ornek.com'),
(611, '2023-12-21', 'Ücretli', 'Olivia', 100, 'tm1234@ornek.com'),
(612, '2023-12-21', 'İndirimli', 'Zeynep', 101, 'qh1234@ornek.com'),
(613, '2023-12-21', 'Öğrenci', 'Emir', 102, 'xn1234@ornek.com'),
(614, '2023-12-21', 'Ücretli', 'Elif', 103, 'te1234@ornek.com'),
(615, '2023-12-21', 'İndirimli', 'Ali', 104, 'mq1234@ornek.com'),
(616, '2023-12-21', 'Öğrenci', 'Ceren', 105, 'oq1234@ornek.com'),
(617, '2023-12-21', 'Ücretli', 'Ege', 106, 'jt1234@ornek.com'),
(618, '2023-12-21', 'İndirimli', 'Zehra', 107, 'ul1234@ornek.com'),
(619, '2023-12-21', 'Öğrenci', 'Berk', 108, 'ed1234@ornek.com'),
(620, '2023-12-21', 'Ücretli', 'Yasemin', 109, 'cf1234@ornek.com'),
(621, '2023-12-21', 'İndirimli', 'Oğuz', 110, 'hd1234@ornek.com'),
(622, '2023-12-21', 'Öğrenci', 'Cemre', 111, 'hd1234@ornek.com'),
(623, '2023-12-21', 'Ücretli', 'Efe', 112, 'dv1234@ornek.com'),
(624, '2023-12-21', 'İndirimli', 'Melis', 113, 'oj1234@ornek.com'),
(625, '2023-12-21', 'Öğrenci', 'Arda', 114, 'ni1234@ornek.com'),
(626, '2023-12-21', 'Ücretli', 'Ayşe', 115, 'ud1234@ornek.com'),
(627, '2023-12-21', 'İndirimli', 'Can', 116, 'oi1234@ornek.com'),
(628, '2023-12-21', 'Öğrenci', 'Yasin', 117, 'ic1234@ornek.com'),
(629, '2023-12-21', 'Ücretli', 'Zara', 118, 'xj1234@ornek.com'),
(630, '2023-12-21', 'İndirimli', 'Ela', 119, 'zx1234@ornek.com'),
(631, '2023-12-21', 'Öğrenci', 'Kaan', 120, 'lf1234@ornek.com'),
(632, '2023-12-23', 'Ücretli', 'Ahmet Yılmaz', 1, 'ig1234@ornek.com'),
(633, '2023-12-23', 'Ücretli', 'Mehmet Öztürk', 2, 'pd1234@ornek.com'),
(634, '2023-12-23', 'Ücretli', 'Ayşe Demir', 3, 'ed1234@ornek.com'),
(635, '2023-12-23', 'Ücretli', 'Fatma Kaya', 4, 've1234@ornek.com'),
(636, '2023-12-23', 'Ücretli', 'Mustafa Toprak', 5, 'sy1234@ornek.com'),
(637, '2023-12-23', 'Ücretli', 'Zehra Yıldırım', 6, 'cq1234@ornek.com'),
(638, '2023-12-23', 'Ücretli', 'Ahmet Yıldız', 7, 'dm1234@ornek.com'),
(639, '2023-12-23', 'Ücretli', 'Elif Arslan', 8, 'jf1234@ornek.com'),
(640, '2023-12-23', 'Ücretli', 'Oğuz Yılmaz', 9, 'hl1234@ornek.com'),
(641, '2023-12-23', 'Ücretli', 'Gizem Taş', 10, 'kb1234@ornek.com'),
(642, '2023-12-23', 'Ücretli', 'Yusuf Güneş', 11, 'lm1234@ornek.com'),
(643, '2023-12-23', 'Ücretli', 'Dilara Tekin', 12, 'ie1234@ornek.com'),
(644, '2023-12-23', 'Ücretli', 'Eren Çetin', 13, 'sc1234@ornek.com'),
(645, '2023-12-23', 'Ücretli', 'Ceren Demirci', 14, 'ai1234@ornek.com'),
(646, '2023-12-23', 'Ücretli', 'Berfin Korkmaz', 15, 'ru1234@ornek.com'),
(647, '2023-12-23', 'Ücretli', 'Murat Kaya', 16, 'it1234@ornek.com'),
(648, '2023-12-23', 'Ücretli', 'Zeki Şahin', 17, 'vv1234@ornek.com'),
(649, '2023-12-23', 'Ücretli', 'Ezgi Gürbüz', 18, 'ht1234@ornek.com'),
(650, '2023-12-23', 'Ücretli', 'Gül Yıldız', 19, 'va1234@ornek.com'),
(651, '2023-12-23', 'Ücretli', 'Umut Aktaş', 20, 'vn1234@ornek.com'),
(652, '2023-12-23', 'Ücretli', 'Berk Gün', 21, 'cx1234@ornek.com'),
(653, '2023-12-23', 'Ücretli', 'Nisa Çelik', 22, 'pm1234@ornek.com'),
(654, '2023-12-23', 'Ücretli', 'Ali Yılmaz', 23, 'ax1234@ornek.com'),
(655, '2023-12-23', 'Ücretli', 'Deniz Karahan', 24, 'ml1234@ornek.com'),
(656, '2023-12-23', 'Ücretli', 'Elanur Kılıç', 25, 'ok1234@ornek.com'),
(657, '2023-12-23', 'Ücretli', 'Ege Özdemir', 26, 'mj1234@ornek.com'),
(658, '2023-12-23', 'Ücretli', 'Ayaz Arıkan', 27, 'ou1234@ornek.com'),
(659, '2023-12-23', 'Ücretli', 'Zara Yıldız', 28, 'zf1234@ornek.com'),
(660, '2023-12-23', 'Ücretli', 'Aslı Erdoğan', 29, 'gh1234@ornek.com'),
(661, '2023-12-23', 'Ücretli', 'Can Güzel', 30, 'zp1234@ornek.com'),
(662, '2023-12-23', 'Ücretli', 'Ekin Tuncer', 31, 'co1234@ornek.com'),
(663, '2023-12-23', 'Ücretli', 'Ece Erkan', 32, 'rz1234@ornek.com'),
(664, '2023-12-23', 'Ücretli', 'Mert Aydın', 33, 'tw1234@ornek.com'),
(665, '2023-12-23', 'Ücretli', 'Defne Karadeniz', 34, 'fl1234@ornek.com'),
(666, '2023-12-23', 'Ücretli', 'Okan Kılıç', 35, 'dm1234@ornek.com'),
(667, '2023-12-23', 'Ücretli', 'İrem Yılmaz', 36, 'xj1234@ornek.com'),
(668, '2023-12-23', 'Ücretli', 'Furkan Güneş', 37, 'gb1234@ornek.com'),
(669, '2023-12-23', 'Ücretli', 'Selma Akyol', 38, 'ls1234@ornek.com'),
(670, '2023-12-23', 'Ücretli', 'Onur Aydın', 39, 'sb1234@ornek.com'),
(671, '2023-12-23', 'Ücretli', 'Selin Ateş', 40, 'nf1234@ornek.com'),
(672, '2023-12-23', 'Ücretli', 'Yasir Can', 41, 'qw1234@ornek.com'),
(673, '2023-12-23', 'Ücretli', 'Şeyma Arslan', 42, 'vt1234@ornek.com'),
(674, '2023-12-23', 'Ücretli', 'Emir Yıldırım', 43, 'uk1234@ornek.com'),
(675, '2023-12-23', 'Ücretli', 'İlayda Ay', 44, 'nb1234@ornek.com'),
(676, '2023-12-23', 'Ücretli', 'Yavuz Tuncer', 45, 'dr1234@ornek.com'),
(677, '2023-12-23', 'Ücretli', 'Sude Yılmaz', 46, 'fw1234@ornek.com'),
(678, '2023-12-23', 'Ücretli', 'Serkan Kaya', 47, 'di1234@ornek.com'),
(679, '2023-12-23', 'Ücretli', 'Esra Yılmaz', 48, 'rl1234@ornek.com'),
(680, '2023-12-23', 'Ücretli', 'Emine Arıkan', 49, 'ys1234@ornek.com'),
(681, '2023-12-23', 'Ücretli', 'Eray Yıldırım', 50, 'fy1234@ornek.com'),
(682, '2023-12-23', 'Ücretli', 'Gabriel Russo', 51, 'zm1234@ornek.com'),
(683, '2023-12-23', 'Ücretli', 'Alessia Rizzo', 52, 'uq1234@ornek.com'),
(684, '2023-12-23', 'Ücretli', 'Mateo Fernandez', 53, 'dg1234@ornek.com'),
(685, '2023-12-23', 'Ücretli', 'Olivia Moretti', 54, 'oe1234@ornek.com'),
(686, '2023-12-23', 'Ücretli', 'Benjamin Santoro', 55, 'fq1234@ornek.com'),
(687, '2023-12-23', 'Ücretli', 'Elena Rossi', 56, 'po1234@ornek.com'),
(688, '2023-12-23', 'Ücretli', 'Miguel Hernandez', 57, 'bi1234@ornek.com'),
(689, '2023-12-23', 'Ücretli', 'Sophie Martin', 58, 'vo1234@ornek.com'),
(690, '2023-12-23', 'Ücretli', 'Leo Costa', 59, 'hu1234@ornek.com'),
(691, '2023-12-23', 'Ücretli', 'Emma Colombo', 60, 'jl1234@ornek.com'),
(692, '2023-12-23', 'Ücretli', 'Lucas De Luca', 61, 'rj1234@ornek.com'),
(693, '2023-12-23', 'Ücretli', 'Isabella Ferrari', 62, 'xh1234@ornek.com'),
(694, '2023-12-23', 'Ücretli', 'Nicolas Bellini', 63, 'eb1234@ornek.com'),
(695, '2023-12-23', 'Ücretli', 'Luna Ricci', 64, 'rd1234@ornek.com'),
(696, '2023-12-23', 'Ücretli', 'Oliver Ricciardi', 70, 'zp1234@ornek.com'),
(697, '2023-12-23', 'Ücretli', 'Liam Greco', 71, 'yz1234@ornek.com'),
(698, '2023-12-23', 'Ücretli', 'Emma Lombardi', 72, 'ks1234@ornek.com'),
(699, '2023-12-23', 'Ücretli', 'Mia Romano', 73, 'dh1234@ornek.com'),
(700, '2023-12-23', 'Ücretli', 'Ethan Messina', 74, 'nj1234@ornek.com'),
(701, '2023-12-23', 'Ücretli', 'Ava Martini', 75, 'gj1234@ornek.com'),
(702, '2023-12-23', 'Ücretli', 'Lucas Bruno', 76, 'th1234@ornek.com'),
(703, '2023-12-23', 'Ücretli', 'Sophie Rinaldi', 77, 'yj1234@ornek.com'),
(704, '2023-12-23', 'Ücretli', 'Liam Marchetti', 78, 'fl1234@ornek.com'),
(705, '2023-12-23', 'Ücretli', 'Oliver Santoro', 79, 'xr1234@ornek.com'),
(706, '2023-12-23', 'Ücretli', 'Ava Vitale', 80, 'fb1234@ornek.com'),
(707, '2023-12-23', 'Ücretli', 'Nicole Bianco', 81, 'bi1234@ornek.com'),
(708, '2023-12-23', 'Ücretli', 'Lucas Ferrari', 82, 'pj1234@ornek.com'),
(709, '2023-12-23', 'Ücretli', 'Eva De Rosa', 83, 'oj1234@ornek.com'),
(710, '2023-12-23', 'Ücretli', 'Gabriel Conti', 84, 'ku1234@ornek.com'),
(711, '2023-12-23', 'Ücretli', 'Sophia Vitale', 85, 'kr1234@ornek.com'),
(712, '2023-12-23', 'Ücretli', 'Aiden Caruso', 86, 'jy1234@ornek.com'),
(713, '2023-12-23', 'Ücretli', 'Isabella Russo', 87, 'nn1234@ornek.com'),
(714, '2023-12-23', 'Ücretli', 'Leo Bellini', 88, 'va1234@ornek.com'),
(715, '2023-12-23', 'Ücretli', 'Emma Moretti', 89, 'gx1234@ornek.com'),
(716, '2023-12-23', 'Ücretli', 'Lucas Amato', 90, 'id1234@ornek.com'),
(717, '2023-12-23', 'Ücretli', 'Ava Costa', 91, 'zy1234@ornek.com'),
(718, '2023-12-23', 'Ücretli', 'Mia Sorrentino', 92, 'id1234@ornek.com'),
(719, '2023-12-23', 'Ücretli', 'Noah Mancini', 93, 'qm1234@ornek.com'),
(720, '2023-12-23', 'Ücretli', 'Selim Yılmaz', 94, 'lc1234@ornek.com'),
(721, '2023-12-23', 'Ücretli', 'Deniz Şahin', 95, 'fr1234@ornek.com'),
(722, '2023-12-23', 'Ücretli', 'Elif Çelik', 96, 'cy1234@ornek.com'),
(723, '2023-12-23', 'Ücretli', 'Cem Arslan', 97, 'dv1234@ornek.com'),
(724, '2023-12-23', 'Ücretli', 'Ege Kaya', 98, 'ig1234@ornek.com'),
(725, '2023-12-23', 'Ücretli', 'Beyza Aksoy', 99, 'oz1234@ornek.com'),
(726, '2023-12-23', 'Ücretli', 'Ozan Yıldız', 100, 'ri1234@ornek.com'),
(727, '2023-12-23', 'Ücretli', 'Selin Güneş', 101, 'ds1234@ornek.com'),
(728, '2023-12-23', 'Ücretli', 'Kerem Demir', 102, 'gk1234@ornek.com'),
(729, '2023-12-23', 'Ücretli', 'Nazlı Çetin', 103, 'gh1234@ornek.com'),
(730, '2023-12-23', 'Ücretli', 'Mert Karadeniz', 104, 'sm1234@ornek.com'),
(731, '2023-12-23', 'Ücretli', 'Aslı Akça', 105, 'yx1234@ornek.com'),
(732, '2023-12-23', 'Ücretli', 'Emir Aydın', 106, 'vy1234@ornek.com'),
(733, '2023-12-23', 'Ücretli', 'Nisan Türk', 107, 'eo1234@ornek.com'),
(734, '2023-12-23', 'Ücretli', 'Can Erdoğan', 108, 'wk1234@ornek.com'),
(735, '2023-12-23', 'Ücretli', 'Aylin Ateş', 109, 'cb1234@ornek.com'),
(736, '2023-12-23', 'Ücretli', 'Okan Kılıç', 110, 'ss1234@ornek.com'),
(737, '2023-12-23', 'Ücretli', 'Cemre Doğan', 111, 'yl1234@ornek.com'),
(738, '2023-12-23', 'Ücretli', 'Efe Öztürk', 112, 'os1234@ornek.com'),
(739, '2023-12-23', 'Ücretli', 'Melis Yüksel', 113, 'iv1234@ornek.com'),
(740, '2023-12-23', 'Ücretli', 'Arda Özdemir', 114, 'hg1234@ornek.com'),
(741, '2023-12-23', 'Ücretli', 'Ayşe Yalçın', 115, 'ac1234@ornek.com'),
(742, '2023-12-23', 'Ücretli', 'Can Kaya', 116, 'is1234@ornek.com'),
(743, '2023-12-23', 'Ücretli', 'Yasin Akın', 117, 'sy1234@ornek.com'),
(744, '2023-12-23', 'Ücretli', 'Zara Şener', 118, 'vn1234@ornek.com'),
(745, '2023-12-23', 'Ücretli', 'Ela Çiçek', 119, 'xg1234@ornek.com'),
(746, '2023-12-23', 'Ücretli', 'Kaan Demirtaş', 120, 'dy1234@ornek.com'),
(747, '2023-12-23', 'Ücretli', 'Cemile Ünlü', 121, 'tt1234@ornek.com'),
(748, '2023-12-23', 'Ücretli', 'Kerem Kara', 122, 'wk1234@ornek.com'),
(749, '2023-12-23', 'Ücretli', 'Ceren Özkan', 123, 'yn1234@ornek.com'),
(750, '2023-12-23', 'Ücretli', 'Deniz Uzun', 124, 'xp1234@ornek.com'),
(751, '2023-12-23', 'Ücretli', 'Emirhan Çetinkaya', 125, 'bt1234@ornek.com'),
(752, '2023-12-23', 'Ücretli', 'Esra Yılmaz', 126, 'uf1234@ornek.com'),
(753, '2023-12-23', 'Ücretli', 'İrem Koç', 127, 'ou1234@ornek.com'),
(754, '2023-12-23', 'Ücretli', 'Yunus Aktaş', 128, 'lb1234@ornek.com'),
(755, '2023-12-23', 'Ücretli', 'Elif Şahin', 129, 'gr1234@ornek.com'),
(756, '2023-12-23', 'Ücretli', 'Burak Yıldız', 130, 'bk1234@ornek.com'),
(757, '2023-12-23', 'Ücretli', 'Aslıhan Türkoğlu', 131, 'iw1234@ornek.com'),
(758, '2023-12-23', 'Ücretli', 'Sefa Akman', 132, 'et1234@ornek.com'),
(759, '2023-12-23', 'Ücretli', 'Eylül Karakaş', 133, 'pw1234@ornek.com'),
(760, '2023-12-23', 'Ücretli', 'Efe Gürsoy', 134, 'ot1234@ornek.com'),
(761, '2023-12-23', 'Ücretli', 'Selin Şentürk', 135, 'sa1234@ornek.com'),
(762, '2023-12-23', 'Ücretli', 'Bora Arslan', 136, 'lm1234@ornek.com'),
(763, '2023-12-23', 'Ücretli', 'Aylin Çınar', 137, 'ib1234@ornek.com'),
(764, '2023-12-23', 'Ücretli', 'Okan Koç', 138, 'kd1234@ornek.com'),
(765, '2023-12-23', 'Ücretli', 'Nisan Aydın', 139, 'fe1234@ornek.com'),
(766, '2023-12-23', 'Ücretli', 'Alp Avcı', 140, 'od1234@ornek.com'),
(767, '2023-12-23', 'Ücretli', 'Ezgi Kılıç', 141, 'iu1234@ornek.com'),
(768, '2023-12-23', 'Ücretli', 'Umut Karahan', 142, 'yq1234@ornek.com'),
(769, '2023-12-23', 'Ücretli', 'Beyza Arıkan', 143, 'fi1234@ornek.com'),
(770, '2023-12-23', 'Ücretli', 'Tolga Yücel', 144, 'ck1234@ornek.com'),
(771, '2023-12-23', 'Ücretli', 'Melike Kaya', 145, 'mg1234@ornek.com'),
(772, '2023-12-23', 'Ücretli', 'Cihan Yılmaz', 146, 'ek1234@ornek.com'),
(773, '2023-12-23', 'Ücretli', 'Sude Gürkan', 147, 'st1234@ornek.com');
INSERT INTO `ziyaretciler` (`Giriş_id`, `Tarih`, `Giriş_türü`, `Ziyaretçi_adi`, `ziyaretçi_id`, `eposta`) VALUES
(774, '2023-12-23', 'Ücretli', 'Ege Şahin', 148, 'fx1234@ornek.com'),
(775, '2023-12-23', 'Ücretli', 'Zeynep Avcı', 149, 'kv1234@ornek.com'),
(776, '2023-12-23', 'Ücretli', 'Burak Kılıç', 150, 'px1234@ornek.com'),
(777, '2023-12-23', 'Ücretli', 'Melis Öztürk', 151, 'yp1234@ornek.com'),
(778, '2023-12-23', 'Ücretli', 'Kaan Kılıç', 152, 're1234@ornek.com'),
(779, '2023-12-23', 'Ücretli', 'Cemile Yılmaz', 153, 'vi1234@ornek.com'),
(780, '2023-12-23', 'Ücretli', 'Kerem Şahin', 154, 'gb1234@ornek.com'),
(781, '2023-12-23', 'Ücretli', 'Nazlıhan Türkoğlu', 155, 'gw1234@ornek.com'),
(782, '2023-12-23', 'Ücretli', 'Mert Arslan', 156, 'mm1234@ornek.com'),
(783, '2023-12-23', 'Ücretli', 'Aslıhan Akça', 157, 'so1234@ornek.com'),
(784, '2023-12-23', 'Ücretli', 'Emir Demir', 158, 'kf1234@ornek.com'),
(785, '2023-12-23', 'Ücretli', 'Nisan Özkan', 159, 'vg1234@ornek.com'),
(786, '2023-12-23', 'Ücretli', 'Okan Uzun', 160, 'mk1234@ornek.com'),
(787, '2023-12-23', 'Ücretli', 'Cemre Gürsoy', 161, 'do1234@ornek.com'),
(788, '2023-12-23', 'Ücretli', 'Efe Ünlü', 162, 'uo1234@ornek.com'),
(789, '2023-12-23', 'Ücretli', 'Melike Kara', 163, 'dm1234@ornek.com'),
(790, '2023-12-23', 'Ücretli', 'Arda Türk', 164, 'xj1234@ornek.com'),
(791, '2023-12-23', 'Ücretli', 'Ayşe Kaya', 165, 'ck1234@ornek.com'),
(792, '2023-12-23', 'Ücretli', 'Can Avcı', 166, 'yx1234@ornek.com'),
(793, '2023-12-23', 'Ücretli', 'Yasin Aydın', 167, 'hw1234@ornek.com'),
(794, '2023-12-23', 'Ücretli', 'Zara Şahin', 168, 'dx1234@ornek.com'),
(795, '2023-12-23', 'Ücretli', 'Ela Yalçın', 169, 'pe1234@ornek.com'),
(796, '2023-12-23', 'Ücretli', 'Kaan Kaya', 170, 'ts1234@ornek.com'),
(797, '2023-12-23', 'Ücretli', 'Cemile Yıldız', 171, 'gl1234@ornek.com'),
(798, '2023-12-23', 'Ücretli', 'Kerem Erdoğan', 172, 'nn1234@ornek.com'),
(799, '2023-12-23', 'Ücretli', 'Ceren Arıkan', 173, 'tr1234@ornek.com'),
(800, '2023-12-23', 'Ücretli', 'Deniz Çetin', 174, 'dn1234@ornek.com'),
(801, '2023-12-23', 'Ücretli', 'Emirhan Koç', 175, 'ta1234@ornek.com'),
(802, '2023-12-23', 'Ücretli', 'Esra Şener', 176, 'qb1234@ornek.com'),
(803, '2023-12-23', 'Ücretli', 'İrem Şentürk', 177, 'le1234@ornek.com'),
(804, '2023-12-23', 'Ücretli', 'Yunus Arslan', 178, 'ed1234@ornek.com'),
(805, '2023-12-23', 'Ücretli', 'Elif Ateş', 179, 'xu1234@ornek.com'),
(806, '2023-12-23', 'Ücretli', 'Burak Arıkan', 180, 'vm1234@ornek.com'),
(807, '2023-12-23', 'Ücretli', 'Aslı Şahin', 181, 'vr1234@ornek.com'),
(808, '2023-12-23', 'Ücretli', 'Sefa Kılıç', 182, 'hw1234@ornek.com'),
(809, '2023-12-23', 'Ücretli', 'Eylül Yıldız', 183, 'rb1234@ornek.com'),
(810, '2023-12-23', 'Ücretli', 'Efe Yüksel', 184, 'tg1234@ornek.com'),
(811, '2023-12-23', 'Ücretli', 'Selin Yılmaz', 185, 'sb1234@ornek.com'),
(812, '2023-12-23', 'Ücretli', 'Bora Şahin', 186, 'rm1234@ornek.com'),
(813, '2023-12-23', 'Ücretli', 'Aylin Akman', 187, 'sg1234@ornek.com'),
(814, '2023-12-23', 'Ücretli', 'Okan Çınar', 188, 'op1234@ornek.com'),
(815, '2023-12-23', 'Ücretli', 'Nisan Karakaş', 189, 'wl1234@ornek.com'),
(816, '2023-12-23', 'Ücretli', 'Alp Gürkan', 190, 'df1234@ornek.com'),
(817, '2023-12-23', 'Ücretli', 'Ezgi Arıkan', 191, 'mn1234@ornek.com'),
(818, '2023-12-23', 'Ücretli', 'Umut Şener', 192, 'fm1234@ornek.com'),
(819, '2023-12-23', 'Ücretli', 'Beyza Aydın', 193, 'fe1234@ornek.com'),
(820, '2023-12-23', 'Ücretli', 'Tolga Koç', 194, 'mu1234@ornek.com'),
(821, '2023-12-23', 'Ücretli', 'Melike Kılıç', 195, 'pd1234@ornek.com'),
(822, '2023-12-23', 'Ücretli', 'Cihan Türk', 196, 'cs1234@ornek.com'),
(823, '2023-12-23', 'Ücretli', 'Sude Aydın', 197, 'ym1234@ornek.com'),
(824, '2023-12-23', 'Ücretli', 'Ege Koç', 198, 'ox1234@ornek.com'),
(825, '2023-12-23', 'Ücretli', 'Zeynep Şahin', 199, 'ge1234@ornek.com'),
(826, '2023-12-23', 'Ücretli', 'Burak Yılmaz', 200, 'rk1234@ornek.com'),
(827, '2023-12-24', 'Öğrenci', 'Ali Yılmaz', 1, 'kh1234@ornek.com'),
(828, '2023-12-24', 'İndirimli', 'Ayşe Demir', 2, 'hs1234@ornek.com'),
(829, '2023-12-24', 'Öğrenci', 'Mehmet Kaya', 3, 'pv1234@ornek.com'),
(830, '2023-12-24', 'İndirimli', 'Zeynep Çelik', 4, 'vl1234@ornek.com'),
(831, '2023-12-24', 'Öğrenci', 'Mustafa Arslan', 5, 'cl1234@ornek.com'),
(832, '2023-12-24', 'İndirimli', 'Elif Yıldız', 6, 'yi1234@ornek.com'),
(833, '2023-12-24', 'Öğrenci', 'Emir Koç', 7, 'ea1234@ornek.com'),
(834, '2023-12-24', 'İndirimli', 'Ceren Şahin', 8, 'lu1234@ornek.com'),
(835, '2023-12-24', 'Öğrenci', 'Efe Aydın', 9, 'dn1234@ornek.com'),
(836, '2023-12-24', 'İndirimli', 'Zara Erdoğan', 10, 'el1234@ornek.com'),
(837, '2023-12-24', 'Öğrenci', 'Ahmet Aksoy', 11, 'wo1234@ornek.com'),
(838, '2023-12-24', 'İndirimli', 'Gizem Çınar', 12, 'wd1234@ornek.com'),
(839, '2023-12-24', 'Öğrenci', 'Umut Doğan', 13, 'ke1234@ornek.com'),
(840, '2023-12-24', 'İndirimli', 'Sevgi Ekinci', 14, 'kh1234@ornek.com'),
(841, '2023-12-24', 'Öğrenci', 'Kerem Gür', 15, 'wb1234@ornek.com'),
(842, '2023-12-24', 'İndirimli', 'Selin Hacıoğlu', 16, 'og1234@ornek.com'),
(843, '2023-12-24', 'Öğrenci', 'Berk İlhan', 17, 'bn1234@ornek.com'),
(844, '2023-12-24', 'İndirimli', 'Cansu Karahan', 18, 'bs1234@ornek.com'),
(845, '2023-12-24', 'Öğrenci', 'Deniz Karakaş', 19, 'nr1234@ornek.com'),
(846, '2023-12-24', 'İndirimli', 'Elif Kaya', 20, 'cw1234@ornek.com'),
(847, '2023-12-24', 'Öğrenci', 'Furkan Köse', 21, 'yn1234@ornek.com'),
(848, '2023-12-24', 'İndirimli', 'Gülhan Mutlu', 22, 'cf1234@ornek.com'),
(849, '2023-12-24', 'Öğrenci', 'Hüseyin Onat', 23, 'zv1234@ornek.com'),
(850, '2023-12-24', 'İndirimli', 'İrem Orhan', 24, 'ls1234@ornek.com'),
(851, '2023-12-24', 'Öğrenci', 'Jale Pekgöz', 25, 'se1234@ornek.com'),
(852, '2023-12-24', 'İndirimli', 'Kadir Sağlam', 26, 'qg1234@ornek.com'),
(853, '2023-12-24', 'Öğrenci', 'Lale Taş', 27, 'dl1234@ornek.com'),
(854, '2023-12-24', 'İndirimli', 'Mehmet Uzun', 28, 'tk1234@ornek.com'),
(855, '2023-12-24', 'Öğrenci', 'Nesrin Varlık', 29, 'jq1234@ornek.com'),
(856, '2023-12-24', 'İndirimli', 'Okan Yıldırım', 30, 'qw1234@ornek.com'),
(857, '2023-12-24', 'Öğrenci', 'Pelin Yılmaz', 31, 'bq1234@ornek.com'),
(858, '2023-12-24', 'İndirimli', 'Rüzgar Akın', 32, 'wo1234@ornek.com'),
(859, '2023-12-24', 'Öğrenci', 'Simge Bilgin', 33, 'gr1234@ornek.com'),
(860, '2023-12-24', 'İndirimli', 'Tarık Coşkun', 34, 'in1234@ornek.com'),
(861, '2023-12-24', 'Öğrenci', 'Ümit Demirtaş', 35, 'aw1234@ornek.com'),
(862, '2023-12-24', 'İndirimli', 'Vildan Ekinci', 36, 'ks1234@ornek.com'),
(863, '2023-12-24', 'Öğrenci', 'Yiğit Fidan', 37, 'sm1234@ornek.com'),
(864, '2023-12-24', 'İndirimli', 'Zarife Gürbüz', 38, 'yw1234@ornek.com'),
(865, '2023-12-24', 'Öğrenci', 'Adnan Halit', 39, 'an1234@ornek.com'),
(866, '2023-12-24', 'İndirimli', 'Begüm Işıklı', 40, 'ct1234@ornek.com'),
(867, '2023-12-24', 'Öğrenci', 'Cihan Jalal', 41, 'ji1234@ornek.com'),
(868, '2023-12-24', 'İndirimli', 'Dilek Kara', 42, 'ru1234@ornek.com'),
(869, '2023-12-24', 'Öğrenci', 'Emre Kaya', 43, 'dz1234@ornek.com'),
(870, '2023-12-24', 'İndirimli', 'Fatma Kurt', 44, 'qs1234@ornek.com'),
(871, '2023-12-24', 'Öğrenci', 'Gazi Mutlu', 45, 'cj1234@ornek.com'),
(872, '2023-12-24', 'İndirimli', 'Hande Orhan', 46, 'ev1234@ornek.com'),
(873, '2023-12-24', 'Öğrenci', 'İlker Oğuz', 47, 'gy1234@ornek.com'),
(874, '2023-12-24', 'İndirimli', 'Jülide Pala', 48, 'hk1234@ornek.com'),
(875, '2023-12-24', 'Öğrenci', 'Kaan Sabır', 49, 'ih1234@ornek.com'),
(876, '2023-12-24', 'İndirimli', 'Leyla Taş', 50, 'ih1234@ornek.com'),
(877, '2023-12-24', 'Öğrenci', 'Murat Can', 51, 'ok1234@ornek.com'),
(878, '2023-12-24', 'İndirimli', 'Zehra Nur', 52, 'gi1234@ornek.com'),
(879, '2023-12-24', 'Öğrenci', 'Emin Korkmaz', 53, 'mu1234@ornek.com'),
(880, '2023-12-24', 'İndirimli', 'Gülizar Yılmaz', 54, 'cw1234@ornek.com'),
(881, '2023-12-24', 'Öğrenci', 'Oktay Çakır', 55, 'qi1234@ornek.com'),
(882, '2023-12-24', 'İndirimli', 'Meltem Arslan', 56, 'qa1234@ornek.com'),
(883, '2023-12-24', 'Öğrenci', 'Yasin Aydın', 57, 'pq1234@ornek.com'),
(884, '2023-12-24', 'İndirimli', 'Selma Aksoy', 58, 'kn1234@ornek.com'),
(885, '2023-12-24', 'Öğrenci', 'Beril Kaya', 59, 'wx1234@ornek.com'),
(886, '2023-12-24', 'İndirimli', 'Ferit Demir', 60, 'zc1234@ornek.com'),
(887, '2023-12-24', 'Öğrenci', 'Esra Yıldız', 61, 'ic1234@ornek.com'),
(888, '2023-12-24', 'İndirimli', 'Engin Çelik', 62, 'zp1234@ornek.com'),
(889, '2023-12-24', 'Öğrenci', 'Sena Arslan', 63, 'bi1234@ornek.com'),
(890, '2023-12-24', 'İndirimli', 'Ege Yıldız', 64, 'qo1234@ornek.com'),
(891, '2023-12-24', 'Öğrenci', 'Melis Gür', 65, 'ey1234@ornek.com'),
(892, '2023-12-24', 'İndirimli', 'Yunus Emre', 66, 'hu1234@ornek.com'),
(893, '2023-12-24', 'Öğrenci', 'Selin Mutlu', 67, 'xk1234@ornek.com'),
(894, '2023-12-24', 'İndirimli', 'Mert Koç', 68, 'ho1234@ornek.com'),
(895, '2023-12-24', 'Öğrenci', 'İrem Ekinci', 69, 'dt1234@ornek.com'),
(896, '2023-12-24', 'İndirimli', 'Kerem Şahin', 70, 'xh1234@ornek.com'),
(897, '2023-12-24', 'Öğrenci', 'Aslı İlhan', 71, 'mk1234@ornek.com'),
(898, '2023-12-24', 'İndirimli', 'Burak Çınar', 72, 'oc1234@ornek.com'),
(899, '2023-12-24', 'Öğrenci', 'Ezgi Akın', 73, 'pq1234@ornek.com'),
(900, '2023-12-24', 'İndirimli', 'Umut Koç', 74, 'ls1234@ornek.com'),
(901, '2023-12-24', 'Öğrenci', 'Merve Yılmaz', 75, 'du1234@ornek.com'),
(902, '2023-12-24', 'İndirimli', 'Emre Yıldırım', 76, 'vf1234@ornek.com'),
(903, '2023-12-24', 'Öğrenci', 'Zeynep Arslan', 77, 'hp1234@ornek.com'),
(904, '2023-12-24', 'İndirimli', 'Ali Yıldırım', 78, 'yl1234@ornek.com'),
(905, '2023-12-24', 'Öğrenci', 'Gizem Kaya', 79, 'sy1234@ornek.com'),
(906, '2023-12-24', 'İndirimli', 'Ufuk Yılmaz', 80, 'os1234@ornek.com'),
(907, '2023-12-24', 'Öğrenci', 'Şebnem Demir', 81, 'nv1234@ornek.com'),
(908, '2023-12-24', 'İndirimli', 'Erhan Taş', 82, 'jb1234@ornek.com'),
(909, '2023-12-24', 'Öğrenci', 'Zeynep Işıklı', 83, 'um1234@ornek.com'),
(910, '2023-12-24', 'İndirimli', 'Yavuz Onat', 84, 'ct1234@ornek.com'),
(911, '2023-12-24', 'Öğrenci', 'Nisa Oğuz', 85, 'st1234@ornek.com'),
(912, '2023-12-24', 'İndirimli', 'Orhan Pekgöz', 86, 'dn1234@ornek.com'),
(913, '2023-12-24', 'Öğrenci', 'Sedef Gürbüz', 87, 'lr1234@ornek.com'),
(914, '2023-12-24', 'İndirimli', 'Özge Halit', 88, 'jn1234@ornek.com'),
(915, '2023-12-24', 'Öğrenci', 'Tolga Jalal', 89, 'll1234@ornek.com'),
(916, '2023-12-24', 'İndirimli', 'Buse Kara', 90, 'pq1234@ornek.com'),
(917, '2023-12-24', 'Öğrenci', 'Burak Işıklı', 91, 'yr1234@ornek.com'),
(918, '2023-12-24', 'İndirimli', 'Meral Sabır', 92, 'ui1234@ornek.com'),
(919, '2023-12-24', 'Öğrenci', 'Furkan Yılmaz', 93, 'ct1234@ornek.com'),
(920, '2023-12-24', 'İndirimli', 'Esma Kaya', 94, 'ej1234@ornek.com'),
(921, '2023-12-24', 'Öğrenci', 'Deniz Aksoy', 95, 'xj1234@ornek.com'),
(922, '2023-12-24', 'İndirimli', 'Yiğit Çelik', 96, 'jm1234@ornek.com'),
(923, '2023-12-24', 'Öğrenci', 'Ayşe Arslan', 97, 'jt1234@ornek.com'),
(924, '2023-12-24', 'İndirimli', 'Can Koç', 98, 'ga1234@ornek.com'),
(925, '2023-12-24', 'Öğrenci', 'Selin Şahin', 99, 'bw1234@ornek.com'),
(926, '2023-12-24', 'İndirimli', 'Kerem Ekinci', 100, 'es1234@ornek.com'),
(927, '2023-12-24', 'Öğrenci', 'Melis Kaya', 101, 'ep1234@ornek.com'),
(928, '2023-12-24', 'İndirimli', 'Yasin Ekinci', 102, 'qs1234@ornek.com'),
(929, '2023-12-24', 'Öğrenci', 'Duygu Yıldız', 103, 'me1234@ornek.com'),
(930, '2023-12-24', 'İndirimli', 'Cemal Demir', 104, 'ps1234@ornek.com'),
(931, '2023-12-24', 'Öğrenci', 'Şeyda Arslan', 105, 'eg1234@ornek.com'),
(932, '2023-12-24', 'İndirimli', 'Ahmet Yılmaz', 106, 'vd1234@ornek.com'),
(933, '2023-12-24', 'Öğrenci', 'Sude Koç', 107, 'ou1234@ornek.com'),
(934, '2023-12-24', 'İndirimli', 'Tolga Yıldırım', 108, 'tl1234@ornek.com'),
(935, '2023-12-24', 'Öğrenci', 'Sevim Taş', 109, 'ja1234@ornek.com'),
(936, '2023-12-24', 'İndirimli', 'Burak Şahin', 110, 'su1234@ornek.com'),
(937, '2023-12-24', 'Öğrenci', 'Selin Ekinci', 111, 'xx1234@ornek.com'),
(938, '2023-12-24', 'İndirimli', 'Mehmet Yıldız', 112, 'of1234@ornek.com'),
(939, '2023-12-24', 'Öğrenci', 'Elif Akın', 113, 'wo1234@ornek.com'),
(940, '2023-12-24', 'İndirimli', 'Umut Çınar', 114, 'dc1234@ornek.com'),
(941, '2023-12-24', 'Öğrenci', 'Esra Demir', 115, 'tv1234@ornek.com'),
(942, '2023-12-24', 'İndirimli', 'Efe Şahin', 116, 'jx1234@ornek.com'),
(943, '2023-12-24', 'Öğrenci', 'Dilara Arslan', 117, 'po1234@ornek.com'),
(944, '2023-12-24', 'İndirimli', 'Emre Yılmaz', 118, 'oq1234@ornek.com'),
(945, '2023-12-24', 'Öğrenci', 'İpek Aksoy', 119, 'xv1234@ornek.com'),
(946, '2023-12-24', 'İndirimli', 'Ege Öz', 120, 'yi1234@ornek.com'),
(947, '2023-12-24', 'Öğrenci', 'Şeyma Çelik', 121, 'jv1234@ornek.com'),
(948, '2023-12-24', 'İndirimli', 'Can Yılmaz', 122, 'tr1234@ornek.com'),
(949, '2023-12-24', 'Öğrenci', 'Selin Ekinci', 123, 'dp1234@ornek.com'),
(950, '2023-12-24', 'İndirimli', 'Ege Yıldırım', 124, 'dx1234@ornek.com'),
(951, '2023-12-24', 'Öğrenci', 'Selin Demir', 125, 'ia1234@ornek.com'),
(952, '2023-12-24', 'İndirimli', 'Okan Yıldırım', 126, 'ga1234@ornek.com'),
(953, '2023-12-24', 'Öğrenci', 'Begüm Kaya', 127, 'pb1234@ornek.com'),
(954, '2023-12-24', 'İndirimli', 'Emre Koç', 128, 'pa1234@ornek.com'),
(955, '2023-12-24', 'Öğrenci', 'Elif Yılmaz', 129, 'ak1234@ornek.com'),
(956, '2023-12-24', 'İndirimli', 'Ahmet Ekinci', 130, 'en1234@ornek.com'),
(957, '2023-12-24', 'Öğrenci', 'Melis Taş', 131, 'uu1234@ornek.com'),
(958, '2023-12-24', 'İndirimli', 'Eren Arslan', 132, 'bb1234@ornek.com'),
(959, '2023-12-24', 'Öğrenci', 'Cemre Ekinci', 133, 'lw1234@ornek.com'),
(960, '2023-12-24', 'İndirimli', 'Yunus Yıldırım', 134, 'tq1234@ornek.com'),
(961, '2023-12-24', 'Öğrenci', 'Sude Şahin', 135, 'jf1234@ornek.com'),
(962, '2023-12-24', 'İndirimli', 'Mert Koç', 136, 'wu1234@ornek.com'),
(963, '2023-12-24', 'Öğrenci', 'Nazlı Yıldız', 137, 'lz1234@ornek.com'),
(964, '2023-12-24', 'İndirimli', 'Emir Yılmaz', 138, 'le1234@ornek.com'),
(965, '2023-12-24', 'Öğrenci', 'Elif Şahin', 139, 'wz1234@ornek.com'),
(966, '2023-12-24', 'İndirimli', 'Kaan Koç', 140, 'mo1234@ornek.com'),
(967, '2023-12-24', 'Öğrenci', 'Büşra Yılmaz', 141, 'ch1234@ornek.com'),
(968, '2023-12-24', 'İndirimli', 'Cem Ekinci', 142, 'mo1234@ornek.com'),
(969, '2023-12-24', 'Öğrenci', 'Selin Arslan', 143, 'yv1234@ornek.com'),
(970, '2023-12-24', 'İndirimli', 'Ege Koç', 144, 'yz1234@ornek.com'),
(971, '2023-12-24', 'Öğrenci', 'Eylül Yıldız', 145, 'ab1234@ornek.com'),
(972, '2023-12-24', 'İndirimli', 'Okan Koç', 146, 'vp1234@ornek.com'),
(973, '2023-12-24', 'Öğrenci', 'Ezgi Şahin', 147, 'zg1234@ornek.com'),
(974, '2023-12-24', 'İndirimli', 'Kaan Ekinci', 148, 'mr1234@ornek.com'),
(975, '2023-12-24', 'Öğrenci', 'Büşra Arslan', 149, 'tz1234@ornek.com'),
(976, '2023-12-24', 'İndirimli', 'Deniz Koç', 150, 'gi1234@ornek.com'),
(977, '2023-12-23', 'Öğrenci', 'Ali Yılmaz', 1, 'jf1234@ornek.com'),
(978, '2023-12-23', 'İndirimli', 'Ayşe Demir', 2, 'xy1234@ornek.com'),
(979, '2023-12-23', 'Öğrenci', 'Mehmet Kaya', 3, 'xs1234@ornek.com'),
(980, '2023-12-23', 'İndirimli', 'Zeynep Çelik', 4, 'cx1234@ornek.com'),
(981, '2023-12-23', 'Öğrenci', 'Mustafa Arslan', 5, 'oy1234@ornek.com'),
(982, '2023-12-23', 'İndirimli', 'Elif Yıldız', 6, 'xe1234@ornek.com'),
(983, '2023-12-23', 'Öğrenci', 'Emir Koç', 7, 'uw1234@ornek.com'),
(984, '2023-12-23', 'İndirimli', 'Ceren Şahin', 8, 'vp1234@ornek.com'),
(985, '2023-12-23', 'Öğrenci', 'Efe Aydın', 9, 'dm1234@ornek.com'),
(986, '2023-12-23', 'İndirimli', 'Zara Erdoğan', 10, 'ja1234@ornek.com'),
(987, '2023-12-23', 'Öğrenci', 'Ahmet Aksoy', 11, 'ub1234@ornek.com'),
(988, '2023-12-23', 'İndirimli', 'Gizem Çınar', 12, 'up1234@ornek.com'),
(989, '2023-12-23', 'Öğrenci', 'Umut Doğan', 13, 'qe1234@ornek.com'),
(990, '2023-12-23', 'İndirimli', 'Sevgi Ekinci', 14, 'aj1234@ornek.com'),
(991, '2023-12-23', 'Öğrenci', 'Kerem Gür', 15, 'sk1234@ornek.com'),
(992, '2023-12-23', 'İndirimli', 'Selin Hacıoğlu', 16, 'mg1234@ornek.com'),
(993, '2023-12-23', 'Öğrenci', 'Berk İlhan', 17, 'vd1234@ornek.com'),
(994, '2023-12-23', 'İndirimli', 'Cansu Karahan', 18, 'qe1234@ornek.com'),
(995, '2023-12-23', 'Öğrenci', 'Deniz Karakaş', 19, 'it1234@ornek.com'),
(996, '2023-12-23', 'İndirimli', 'Elif Kaya', 20, 'zk1234@ornek.com'),
(997, '2023-12-23', 'Öğrenci', 'Furkan Köse', 21, 'rl1234@ornek.com'),
(998, '2023-12-23', 'İndirimli', 'Gülhan Mutlu', 22, 'xw1234@ornek.com'),
(999, '2023-12-23', 'Öğrenci', 'Hüseyin Onat', 23, 'ee1234@ornek.com'),
(1000, '2023-12-23', 'İndirimli', 'İrem Orhan', 24, 'yw1234@ornek.com'),
(1001, '2023-12-23', 'Öğrenci', 'Jale Pekgöz', 25, 'bp1234@ornek.com'),
(1002, '2023-12-23', 'İndirimli', 'Kadir Sağlam', 26, 'qo1234@ornek.com'),
(1003, '2023-12-23', 'Öğrenci', 'Lale Taş', 27, 'hc1234@ornek.com'),
(1004, '2023-12-23', 'İndirimli', 'Mehmet Uzun', 28, 'rq1234@ornek.com'),
(1005, '2023-12-23', 'Öğrenci', 'Nesrin Varlık', 29, 'dy1234@ornek.com'),
(1006, '2023-12-23', 'İndirimli', 'Okan Yıldırım', 30, 'yr1234@ornek.com'),
(1007, '2023-12-23', 'Öğrenci', 'Pelin Yılmaz', 31, 'lq1234@ornek.com'),
(1008, '2023-12-23', 'İndirimli', 'Rüzgar Akın', 32, 'do1234@ornek.com'),
(1009, '2023-12-23', 'Öğrenci', 'Simge Bilgin', 33, 'tg1234@ornek.com'),
(1010, '2023-12-23', 'İndirimli', 'Tarık Coşkun', 34, 'ew1234@ornek.com'),
(1011, '2023-12-23', 'Öğrenci', 'Ümit Demirtaş', 35, 'rv1234@ornek.com'),
(1012, '2023-12-23', 'İndirimli', 'Vildan Ekinci', 36, 'ie1234@ornek.com'),
(1013, '2023-12-23', 'Öğrenci', 'Yiğit Fidan', 37, 'jm1234@ornek.com'),
(1014, '2023-12-23', 'İndirimli', 'Zarife Gürbüz', 38, 'bi1234@ornek.com'),
(1015, '2023-12-23', 'Öğrenci', 'Adnan Halit', 39, 'qq1234@ornek.com'),
(1016, '2023-12-23', 'İndirimli', 'Begüm Işıklı', 40, 'nu1234@ornek.com'),
(1017, '2023-12-23', 'Öğrenci', 'Cihan Jalal', 41, 'hj1234@ornek.com'),
(1018, '2023-12-23', 'İndirimli', 'Dilek Kara', 42, 'wj1234@ornek.com'),
(1019, '2023-12-23', 'Öğrenci', 'Emre Kaya', 43, 'vo1234@ornek.com'),
(1020, '2023-12-23', 'İndirimli', 'Fatma Kurt', 44, 'jm1234@ornek.com'),
(1021, '2023-12-23', 'Öğrenci', 'Gazi Mutlu', 45, 'ky1234@ornek.com'),
(1022, '2023-12-23', 'İndirimli', 'Hande Orhan', 46, 'fc1234@ornek.com'),
(1023, '2023-12-23', 'Öğrenci', 'İlker Oğuz', 47, 'bp1234@ornek.com'),
(1024, '2023-12-23', 'İndirimli', 'Jülide Pala', 48, 'lq1234@ornek.com'),
(1025, '2023-12-23', 'Öğrenci', 'Kaan Sabır', 49, 'jf1234@ornek.com'),
(1026, '2023-12-23', 'İndirimli', 'Leyla Taş', 50, 'jv1234@ornek.com'),
(1127, '2023-12-01', 'Ücretli', 'Mehmet çak', 2, 'jn1234@ornek.com'),
(1128, '2023-12-01', 'İndirimli', 'Ayşe tak', 3, 'fj1234@ornek.com'),
(1129, '2023-12-01', 'Öğrenci', 'Fatma cakıcı', 4, 'wv1234@ornek.com'),
(1130, '2023-12-01', 'Ücretli', 'Mustafa yüzücü', 5, 'iv1234@ornek.com'),
(1131, '2023-12-01', 'İndirimli', 'Zehra melis', 6, 'er1234@ornek.com'),
(1132, '2023-12-01', 'Öğrenci', 'Ahmet yok', 7, 'vf1234@ornek.com'),
(1133, '2023-12-01', 'Ücretli', 'Elif ayhan', 8, 'hp1234@ornek.com'),
(1134, '2023-12-01', 'İndirimli', 'Oğuz oguz', 9, 'mq1234@ornek.com'),
(1135, '2023-12-01', 'Öğrenci', 'Gizem giz', 10, 'no1234@ornek.com'),
(1136, '2023-12-01', 'Ücretli', 'Yusuf alıcı', 11, 'vf1234@ornek.com'),
(1137, '2023-12-01', 'İndirimli', 'Alara dinci', 12, 'tm1234@ornek.com'),
(1138, '2023-12-01', 'Öğrenci', 'Eren elmalı', 13, 'sn1234@ornek.com'),
(1139, '2023-12-01', 'Ücretli', 'Ceren ececi', 14, 'om1234@ornek.com'),
(1140, '2023-12-01', 'İndirimli', 'Berivan Armut', 15, 'es1234@ornek.com'),
(1141, '2023-12-01', 'Öğrenci', 'Murat alıcı', 16, 'hd1234@ornek.com'),
(1142, '2023-12-01', 'Ücretli', 'Zeki master', 17, 'gd1234@ornek.com'),
(1143, '2023-12-01', 'İndirimli', 'Ezgi dizgin', 18, 'ww1234@ornek.com'),
(1144, '2023-12-01', 'Öğrenci', 'Gül diken', 19, 'zt1234@ornek.com'),
(1145, '2023-12-01', 'Ücretli', 'Umut veren', 20, 'hr1234@ornek.com'),
(1146, '2023-12-01', 'İndirimli', 'Berk arabacı', 21, 'sw1234@ornek.com'),
(1147, '2023-12-01', 'Öğrenci', 'Nisa mayıs', 22, 'ny1234@ornek.com'),
(1148, '2023-12-01', 'Ücretli', 'Ali mehmet', 23, 'bq1234@ornek.com'),
(1149, '2023-12-01', 'İndirimli', 'Faruk yokus', 24, 'ku1234@ornek.com'),
(1150, '2023-12-01', 'Öğrenci', 'Elanur bela', 25, 'pr1234@ornek.com'),
(1151, '2023-12-01', 'Ücretli', 'Ege deniz', 26, 'lt1234@ornek.com'),
(1152, '2023-12-01', 'İndirimli', 'Ayaz vurur', 27, 'sn1234@ornek.com'),
(1153, '2023-12-01', 'Öğrenci', 'Zara zengin', 28, 'ad1234@ornek.com'),
(1154, '2023-12-01', 'Ücretli', 'Aslı gerçekçi', 29, 'wk1234@ornek.com'),
(1155, '2023-12-01', 'İndirimli', 'Can cansız', 30, 'le1234@ornek.com'),
(1156, '2023-12-01', 'Öğrenci', 'Ekin biçiçi', 31, 'cx1234@ornek.com'),
(1157, '2023-12-01', 'Ücretli', 'Ece gider', 32, 'od1234@ornek.com'),
(1158, '2023-12-01', 'İndirimli', 'Mert yog', 33, 'vs1234@ornek.com'),
(1159, '2023-12-01', 'Öğrenci', 'Defne yaprak', 34, 'he1234@ornek.com'),
(1160, '2023-12-01', 'Ücretli', 'Okan bayül', 35, 'kc1234@ornek.com'),
(1161, '2023-12-01', 'İndirimli', 'İrem balırgın', 36, 'qq1234@ornek.com'),
(1162, '2023-12-01', 'Öğrenci', 'Furkan bilmem', 37, 'nu1234@ornek.com'),
(1163, '2023-12-01', 'Ücretli', 'Selma selir', 38, 'xg1234@ornek.com'),
(1164, '2023-12-01', 'İndirimli', 'Onur buldu', 39, 'pn1234@ornek.com'),
(1165, '2023-12-01', 'Öğrenci', 'Selin bilir', 40, 'sc1234@ornek.com'),
(1166, '2023-12-01', 'Ücretli', 'Yasir yoh', 41, 'xw1234@ornek.com'),
(1167, '2023-12-01', 'İndirimli', 'Şeyma seysi', 42, 'hq1234@ornek.com'),
(1168, '2023-12-01', 'Öğrenci', 'Emir emin', 43, 'gx1234@ornek.com'),
(1169, '2023-12-01', 'Ücretli', 'İlayda ilis', 44, 'pj1234@ornek.com'),
(1170, '2023-12-01', 'İndirimli', 'Yavuz sultan', 45, 'dm1234@ornek.com'),
(1171, '2023-12-01', 'Öğrenci', 'Sude nazi', 46, 'ke1234@ornek.com'),
(1172, '2023-12-01', 'Ücretli', 'Serkan çakmak', 47, 'mq1234@ornek.com'),
(1173, '2023-12-01', 'İndirimli', 'Esra gingi', 48, 'bv1234@ornek.com'),
(1174, '2023-12-01', 'Öğrenci', 'Emine alici', 49, 'yk1234@ornek.com'),
(1175, '2023-12-01', 'Ücretli', 'Eray çam', 50, 'zg1234@ornek.com'),
(1176, '2023-12-01', 'Öğrenci', 'Sophia', 51, 'kg1234@ornek.com'),
(1177, '2023-12-01', 'Ücretli', 'Melis', 52, 'tl1234@ornek.com'),
(1178, '2023-12-01', 'İndirimli', 'Olivia', 53, 'it1234@ornek.com'),
(1179, '2023-12-01', 'Öğrenci', 'Jackson', 54, 'bp1234@ornek.com'),
(1180, '2023-12-01', 'Ücretli', 'Emma', 55, 'rt1234@ornek.com'),
(1181, '2023-12-01', 'İndirimli', 'Aiden', 56, 'pr1234@ornek.com'),
(1182, '2023-12-01', 'Öğrenci', 'Mia', 57, 'ru1234@ornek.com'),
(1183, '2023-12-01', 'Ücretli', 'Lucas', 58, 'hq1234@ornek.com'),
(1184, '2023-12-01', 'İndirimli', 'Ava', 59, 'lm1234@ornek.com'),
(1185, '2023-12-01', 'Öğrenci', 'Liam', 60, 'nr1234@ornek.com'),
(1186, '2023-12-01', 'Ücretli', 'Isabella', 61, 'gp1234@ornek.com'),
(1187, '2023-12-01', 'İndirimli', 'Oliver', 62, 'ht1234@ornek.com'),
(1188, '2023-12-01', 'Öğrenci', 'Sophia', 63, 'tv1234@ornek.com'),
(1189, '2023-12-01', 'Ücretli', 'Lucas', 64, 'nh1234@ornek.com'),
(1190, '2023-12-01', 'İndirimli', 'Emma', 65, 'bu1234@ornek.com'),
(1191, '2023-12-01', 'Öğrenci', 'Mia', 66, 'jy1234@ornek.com'),
(1192, '2023-12-01', 'Ücretli', 'Ethan', 67, 'uv1234@ornek.com'),
(1193, '2023-12-01', 'İndirimli', 'Ava', 68, 'gb1234@ornek.com'),
(1194, '2023-12-01', 'Öğrenci', 'Sophia', 69, 'uu1234@ornek.com'),
(1195, '2023-12-01', 'Ücretli', 'Olivia', 70, 'vi1234@ornek.com'),
(1196, '2023-12-01', 'İndirimli', 'Jackson', 71, 'et1234@ornek.com'),
(1197, '2023-12-01', 'Öğrenci', 'Aiden', 72, 'no1234@ornek.com'),
(1198, '2023-12-01', 'Ücretli', 'Liam', 73, 'yn1234@ornek.com'),
(1199, '2023-12-01', 'İndirimli', 'Emma', 74, 'yt1234@ornek.com'),
(1200, '2023-12-01', 'Öğrenci', 'Olivia', 75, 'yg1234@ornek.com'),
(1201, '2023-12-01', 'Ücretli', 'Sophia', 76, 'be1234@ornek.com'),
(1202, '2023-12-01', 'İndirimli', 'Ethan', 77, 'ud1234@ornek.com'),
(1203, '2023-12-01', 'Öğrenci', 'Mia', 78, 'hb1234@ornek.com'),
(1204, '2023-12-01', 'Ücretli', 'Ava', 79, 'jz1234@ornek.com'),
(1205, '2023-12-01', 'İndirimli', 'Lucas', 80, 'ix1234@ornek.com'),
(1206, '2023-12-01', 'Öğrenci', 'Isabella', 81, 'cz1234@ornek.com'),
(1207, '2023-12-01', 'Ücretli', 'Oliver', 82, 'xg1234@ornek.com'),
(1208, '2023-12-01', 'İndirimli', 'Sophia', 83, 'sc1234@ornek.com'),
(1209, '2023-12-01', 'Öğrenci', 'Lucas', 84, 'gg1234@ornek.com'),
(1210, '2023-12-01', 'Ücretli', 'Emma', 85, 'bp1234@ornek.com'),
(1211, '2023-12-01', 'İndirimli', 'Mia', 86, 'hx1234@ornek.com'),
(1212, '2023-12-01', 'Öğrenci', 'Ethan', 87, 'vc1234@ornek.com'),
(1213, '2023-12-01', 'Ücretli', 'Ava', 88, 'un1234@ornek.com'),
(1214, '2023-12-01', 'İndirimli', 'Sophia', 89, 'ck1234@ornek.com'),
(1215, '2023-12-01', 'Öğrenci', 'Olivia', 90, 'jr1234@ornek.com'),
(1216, '2023-12-01', 'Ücretli', 'Jackson', 91, 'so1234@ornek.com'),
(1217, '2023-12-01', 'İndirimli', 'Aiden', 92, 'fi1234@ornek.com'),
(1218, '2023-12-01', 'Öğrenci', 'Isabella', 93, 'yu1234@ornek.com'),
(1219, '2023-12-01', 'Ücretli', 'Oliver', 94, 'fp1234@ornek.com'),
(1220, '2023-12-01', 'İndirimli', 'Sophia', 95, 'jo1234@ornek.com'),
(1221, '2023-12-01', 'Öğrenci', 'Mia', 96, 'yr1234@ornek.com'),
(1222, '2023-12-01', 'Ücretli', 'Ethan', 97, 'yr1234@ornek.com'),
(1223, '2023-12-01', 'İndirimli', 'Ava', 98, 'ru1234@ornek.com'),
(1224, '2023-12-01', 'Öğrenci', 'Sophia', 99, 'jx1234@ornek.com'),
(1225, '2023-12-01', 'Ücretli', 'Olivia', 100, 'ry1234@ornek.com'),
(1226, '2023-12-01', 'İndirimli', 'Zeynep bir', 101, 'ts1234@ornek.com'),
(1227, '2023-12-01', 'Öğrenci', 'Emir amedi', 102, 'xb1234@ornek.com'),
(1228, '2023-12-01', 'Ücretli', 'Elif else', 103, 'cd1234@ornek.com'),
(1229, '2023-12-01', 'Öğrenci', 'Ali of', 104, 'gg1234@ornek.com'),
(1230, '2023-12-01', 'Ücretli', 'Ceren alır', 105, 'xx1234@ornek.com'),
(1231, '2023-12-01', 'İndirimli', 'Ege antep', 106, 'sw1234@ornek.com'),
(1232, '2023-12-01', 'Öğrenci', 'Zehra bici', 107, 'vi1234@ornek.com'),
(1233, '2023-12-01', 'Ücretli', 'Berk beris', 108, 'hi1234@ornek.com'),
(1234, '2023-12-01', 'İndirimli', 'Yasemin cekeridek', 109, 'le1234@ornek.com'),
(1235, '2023-12-01', 'Öğrenci', 'Oğuz traktör', 110, 'vu1234@ornek.com'),
(1236, '2023-12-01', 'Ücretli', 'Cemre cemil', 111, 'vv1234@ornek.com'),
(1237, '2023-12-01', 'İndirimli', 'Efe egeli', 112, 'cf1234@ornek.com'),
(1238, '2023-12-01', 'Öğrenci', 'Melis vargas', 113, 'mw1234@ornek.com'),
(1239, '2023-12-01', 'Ücretli', 'Arda blilr', 114, 'mk1234@ornek.com'),
(1240, '2023-12-01', 'İndirimli', 'Ayşe atıcı', 115, 'bv1234@ornek.com'),
(1241, '2023-12-01', 'Öğrenci', 'Can atay', 116, 'fm1234@ornek.com'),
(1242, '2023-12-01', 'Ücretli', 'Yasin yok', 117, 'vq1234@ornek.com'),
(1243, '2023-12-01', 'İndirimli', 'Zara', 118, 'ip1234@ornek.com'),
(1244, '2023-12-01', 'Öğrenci', 'Ela', 119, 'io1234@ornek.com'),
(1245, '2023-12-01', 'Ücretli', 'Kaan', 120, 'fr1234@ornek.com'),
(1246, '2023-12-01', 'İndirimli', 'Cemile', 121, 'yl1234@ornek.com'),
(1247, '2023-12-01', 'Öğrenci', 'Kerem', 122, 'lc1234@ornek.com'),
(1248, '2023-12-01', 'Ücretli', 'Ceren', 123, 'qr1234@ornek.com'),
(1249, '2023-12-01', 'İndirimli', 'Deniz', 124, 'ls1234@ornek.com'),
(1250, '2023-12-01', 'Öğrenci', 'Emirhan', 125, 'ul1234@ornek.com'),
(1251, '2023-12-01', 'Ücretli', 'Esra', 126, 'qu1234@ornek.com'),
(1252, '2023-12-01', 'İndirimli', 'İrem', 127, 'yq1234@ornek.com'),
(1253, '2023-12-01', 'Öğrenci', 'Yunus', 128, 'lj1234@ornek.com'),
(1254, '2023-12-01', 'Ücretli', 'Elif', 129, 'pk1234@ornek.com'),
(1255, '2023-12-01', 'İndirimli', 'Burak', 130, 'rx1234@ornek.com'),
(1256, '2023-12-01', 'Öğrenci', 'Aslı', 131, 'cr1234@ornek.com'),
(1257, '2023-12-01', 'Ücretli', 'Sefa', 132, 'mf1234@ornek.com'),
(1258, '2023-12-01', 'İndirimli', 'Eylül', 133, 'vu1234@ornek.com'),
(1259, '2023-12-01', 'Öğrenci', 'Efe', 134, 'da1234@ornek.com'),
(1260, '2023-12-01', 'Ücretli', 'Selin', 135, 'tm1234@ornek.com'),
(1261, '2023-12-01', 'İndirimli', 'Bora', 136, 'yq1234@ornek.com'),
(1262, '2023-12-01', 'Öğrenci', 'Aylin', 137, 'qf1234@ornek.com'),
(1263, '2023-12-01', 'Ücretli', 'Okan', 138, 'cx1234@ornek.com'),
(1264, '2023-12-01', 'İndirimli', 'Nisan', 139, 'mc1234@ornek.com'),
(1265, '2023-12-01', 'Öğrenci', 'Alp', 140, 'kh1234@ornek.com'),
(1266, '2023-12-01', 'Ücretli', 'Ezgi', 141, 'fi1234@ornek.com'),
(1267, '2023-12-01', 'İndirimli', 'Umut', 142, 'ik1234@ornek.com'),
(1268, '2023-12-01', 'İndirimli', 'Beyza', 142, 'dj1234@ornek.com'),
(1269, '2023-12-01', 'Öğrenci', 'Tolga', 143, 'hz1234@ornek.com'),
(1270, '2023-12-01', 'Ücretli', 'Melike', 144, 'nj1234@ornek.com'),
(1271, '2023-12-01', 'Öğrenci', 'Cihan', 145, 'un1234@ornek.com'),
(1272, '2023-12-01', 'Ücretli', 'Sude', 146, 'oc1234@ornek.com'),
(1273, '2023-12-01', 'İndirimli', 'Ege', 147, 'nj1234@ornek.com'),
(1274, '2023-12-01', 'Öğrenci', 'Zeynep', 148, 'cq1234@ornek.com'),
(1275, '2023-12-01', 'Ücretli', 'Burak', 149, 'uf1234@ornek.com'),
(1276, '2023-12-01', 'İndirimli', 'Defne', 150, 'qg1234@ornek.com'),
(1277, '2023-12-01', 'Öğrenci', 'Alp', 151, 'xr1234@ornek.com'),
(1278, '2023-12-01', 'Ücretli', 'Ceren', 152, 'my1234@ornek.com'),
(1279, '2023-12-01', 'İndirimli', 'Emir', 153, 'bz1234@ornek.com'),
(1280, '2023-12-01', 'Öğrenci', 'Zara akın', 154, 'ht1234@ornek.com'),
(1281, '2023-12-01', 'Ücretli', 'Oğuz ali', 155, 'ba1234@ornek.com'),
(1282, '2023-12-01', 'İndirimli', 'Ece belim', 156, 'mt1234@ornek.com'),
(1283, '2023-12-01', 'Öğrenci', 'Can kal', 157, 'hl1234@ornek.com'),
(1284, '2023-12-01', 'Ücretli', 'Eylül agız', 158, 'kx1234@ornek.com'),
(1285, '2023-12-01', 'İndirimli', 'Zeynep ziya', 159, 'ly1234@ornek.com'),
(1286, '2023-12-01', 'Öğrenci', 'Ardaagız', 160, 'en1234@ornek.com'),
(1287, '2023-12-01', 'Ücretli', 'musa cetvel', 161, 'pf1234@ornek.com'),
(1288, '2023-12-01', 'İndirimli', 'Cemile arı', 162, 'yu1234@ornek.com'),
(1289, '2023-12-01', 'Öğrenci', 'Tuna tuyu', 163, 'hb1234@ornek.com'),
(1290, '2023-12-01', 'Ücretli', 'Cem bul', 164, 'ml1234@ornek.com'),
(1291, '2023-12-01', 'İndirimli', 'Melisa varıs', 165, 'nj1234@ornek.com'),
(1292, '2023-12-01', 'Öğrenci', 'Ege derin', 166, 'xc1234@ornek.com'),
(1293, '2023-12-01', 'Ücretli', 'Zeynep ogyuz', 167, 'rr1234@ornek.com'),
(1294, '2023-12-01', 'İndirimli', 'Bora boru', 168, 'yp1234@ornek.com'),
(1295, '2023-12-01', 'Öğrenci', 'Aslı ayhan', 169, 'tn1234@ornek.com'),
(1296, '2023-12-01', 'Ücretli', 'Ekin büyük', 170, 'ph1234@ornek.com'),
(1297, '2023-12-01', 'İndirimli', 'Yusuf beri', 171, 'yf1234@ornek.com'),
(1298, '2023-12-01', 'Öğrenci', 'Yaren yare', 172, 'yn1234@ornek.com'),
(1299, '2023-12-01', 'Ücretli', 'Sarp saray', 173, 'av1234@ornek.com'),
(1300, '2023-12-01', 'İndirimli', 'Zara yokus', 174, 'qn1234@ornek.com'),
(1301, '2023-12-01', 'Öğrenci', 'Alp alpinas', 175, 'sp1234@ornek.com'),
(1302, '2023-12-01', 'Ücretli', 'Mina miş', 176, 'lq1234@ornek.com'),
(1303, '2023-12-01', 'İndirimli', 'Berkay berk', 177, 'rr1234@ornek.com'),
(1304, '2023-12-01', 'Öğrenci', 'Sena okus', 178, 'ot1234@ornek.com'),
(1305, '2023-12-01', 'Ücretli', 'Kaan tat', 179, 'yc1234@ornek.com'),
(1306, '2023-12-01', 'İndirimli', 'Rüya rümük', 180, 'cx1234@ornek.com'),
(1307, '2023-12-01', 'Öğrenci', 'Caner cah', 181, 'ol1234@ornek.com'),
(1308, '2023-12-01', 'Ücretli', 'Ece ohs', 182, 'tq1234@ornek.com'),
(1309, '2023-12-01', 'İndirimli', 'Alperen erl', 183, 'ic1234@ornek.com'),
(1310, '2023-12-01', 'Öğrenci', 'Zeynep sadi', 184, 'tq1234@ornek.com'),
(1311, '2023-12-01', 'Ücretli', 'Berk sali', 185, 'vk1234@ornek.com'),
(1312, '2023-12-01', 'İndirimli', 'Elif sefa', 186, 'qb1234@ornek.com'),
(1313, '2023-12-01', 'Öğrenci', 'Tolga yoku', 187, 'ri1234@ornek.com'),
(1314, '2023-12-01', 'Ücretli', 'Sude cimci', 188, 'pm1234@ornek.com'),
(1315, '2023-12-01', 'İndirimli', 'Beyza mutlu', 189, 'nw1234@ornek.com'),
(1316, '2023-12-01', 'Öğrenci', 'Ahmet mutlı', 190, 'dj1234@ornek.com'),
(1317, '2023-12-01', 'Ücretli', 'Cem mutlu', 191, 'xl1234@ornek.com'),
(1318, '2023-12-01', 'İndirimli', 'Defne ayhan', 192, 'mj1234@ornek.com'),
(1319, '2023-12-01', 'Öğrenci', 'Kerem çıkık', 193, 'pb1234@ornek.com'),
(1320, '2023-12-01', 'Ücretli', 'Eylül bak', 194, 'rj1234@ornek.com'),
(1321, '2023-12-01', 'İndirimli', 'Yusuf ayt', 195, 'iq1234@ornek.com'),
(1322, '2023-12-01', 'Öğrenci', 'İpek ayı', 196, 'jb1234@ornek.com'),
(1323, '2023-12-01', 'Ücretli', 'Kaan az', 197, 'jl1234@ornek.com'),
(1324, '2023-12-01', 'İndirimli', 'Ece atı', 198, 'pn1234@ornek.com'),
(1325, '2023-12-01', 'Öğrenci', 'Caner halı', 199, 'ys1234@ornek.com'),
(1326, '2023-12-01', 'Ücretli', 'Liam muxa', 200, 'sh1234@ornek.com'),
(1327, '2023-12-26', 'İndirimli', 'Yasmin', 55, 'bw1234@ornek.com'),
(1328, '2023-12-26', 'Payer', 'Alicia', 56, 'pe1234@ornek.com'),
(1329, '2023-12-26', 'Öğrenci', 'Sefa', 57, 'ei1234@ornek.com'),
(1330, '2023-12-26', 'Payer', 'Sophie', 58, 'sg1234@ornek.com'),
(1331, '2023-12-26', 'İndirimli', 'Onur', 59, 'ps1234@ornek.com'),
(1332, '2023-12-26', 'Studente', 'Eva', 60, 'xg1234@ornek.com'),
(1333, '2023-12-26', 'Payer', 'Matteo', 61, 'xp1234@ornek.com'),
(1334, '2023-12-26', 'İndirimli', 'Lara', 62, 'sr1234@ornek.com'),
(1335, '2023-12-26', 'Öğrenci', 'Kaan', 63, 'ct1234@ornek.com'),
(1336, '2023-12-26', 'Ücretli', 'Melis', 64, 'qj1234@ornek.com'),
(1337, '2023-12-26', 'İndirimli', 'Zara', 65, 'pe1234@ornek.com'),
(1338, '2023-12-26', 'Studente', 'Marco', 66, 'ut1234@ornek.com'),
(1339, '2023-12-26', 'İndirimli', 'Ayşe', 67, 'xj1234@ornek.com'),
(1340, '2023-12-26', 'Payer', 'Julien', 68, 'pd1234@ornek.com'),
(1341, '2023-12-26', 'Öğrenci', 'Oğuz', 69, 'gi1234@ornek.com'),
(1342, '2023-12-26', 'Ücretli', 'Elif', 70, 'yt1234@ornek.com'),
(1343, '2023-12-26', 'İndirimli', 'Bertrand', 71, 'oy1234@ornek.com'),
(1344, '2023-12-26', 'Öğrenci', 'Elif', 72, 'ly1234@ornek.com'),
(1345, '2023-12-26', 'Payer', 'Giovanni', 73, 'sa1234@ornek.com'),
(1346, '2023-12-26', 'Studente', 'Antonella', 74, 'nx1234@ornek.com'),
(1347, '2023-12-26', 'İndirimli', 'Ezgi', 75, 'pu1234@ornek.com'),
(1348, '2023-12-26', 'Payer', 'Alessio', 76, 'sw1234@ornek.com'),
(1349, '2023-12-26', 'Öğrenci', 'Ece', 77, 'pi1234@ornek.com'),
(1350, '2023-12-26', 'Ücretli', 'Nicolas', 78, 'ym1234@ornek.com'),
(1351, '2023-12-26', 'İndirimli', 'Emilie', 79, 'bt1234@ornek.com'),
(1352, '2023-12-26', 'Öğrenci', 'Cansu', 80, 'er1234@ornek.com'),
(1353, '2023-12-26', 'Payer', 'Luca', 81, 'xq1234@ornek.com'),
(1354, '2023-12-26', 'Studente', 'Enzo', 82, 'uy1234@ornek.com'),
(1355, '2023-12-26', 'İndirimli', 'Lara', 83, 'jj1234@ornek.com'),
(1356, '2023-12-26', 'Payer', 'Adele', 84, 'eh1234@ornek.com'),
(1357, '2023-12-26', 'Öğrenci', 'Mert', 85, 'lp1234@ornek.com'),
(1358, '2023-12-26', 'Ücretli', 'Chloe', 86, 'ut1234@ornek.com'),
(1359, '2023-12-26', 'İndirimli', 'Thibault', 87, 'cx1234@ornek.com'),
(1360, '2023-12-26', 'Öğrenci', 'Burak', 88, 'yv1234@ornek.com'),
(1361, '2023-12-26', 'Payer', 'Bianca', 89, 'ph1234@ornek.com'),
(1362, '2023-12-26', 'Studente', 'Giuseppe', 90, 'nq1234@ornek.com'),
(1363, '2023-12-26', 'İndirimli', 'Melis', 91, 'jv1234@ornek.com'),
(1364, '2023-12-26', 'Payer', 'Claire', 92, 'tr1234@ornek.com'),
(1365, '2023-12-26', 'Öğrenci', 'Deniz', 93, 'jo1234@ornek.com'),
(1366, '2023-12-26', 'Ücretli', 'Mathieu', 94, 'sq1234@ornek.com'),
(1367, '2023-12-26', 'İndirimli', 'Manon', 95, 'ac1234@ornek.com'),
(1368, '2023-12-26', 'Öğrenci', 'Büşra', 96, 'ym1234@ornek.com'),
(1369, '2023-12-26', 'Payer', 'Antoine', 97, 'dd1234@ornek.com'),
(1370, '2023-12-26', 'Studente', 'Celine', 98, 'xu1234@ornek.com'),
(1371, '2023-12-26', 'İndirimli', 'Selim', 99, 'vm1234@ornek.com'),
(1372, '2023-12-26', 'Payer', 'Helene', 100, 'fg1234@ornek.com'),
(1373, '2023-12-26', 'Öğrenci', 'Ahmet', 1, 'zm1234@ornek.com'),
(1374, '2023-12-26', 'Ücretli', 'Mehmet', 2, 'pu1234@ornek.com'),
(1375, '2023-12-26', 'İndirimli', 'Ayşe', 3, 'fp1234@ornek.com'),
(1376, '2023-12-26', 'Öğrenci', 'Fatma', 4, 'tf1234@ornek.com'),
(1377, '2023-12-26', 'Ücretli', 'Mustafa', 5, 'uc1234@ornek.com'),
(1378, '2023-12-26', 'İndirimli', 'Zehra', 6, 'gm1234@ornek.com'),
(1379, '2023-12-26', 'Öğrenci', 'Ahmet', 7, 'xq1234@ornek.com'),
(1380, '2023-12-26', 'Ücretli', 'Elif', 8, 'ep1234@ornek.com'),
(1381, '2023-12-26', 'İndirimli', 'Oğuz', 9, 'om1234@ornek.com'),
(1382, '2023-12-26', 'Öğrenci', 'Gizem', 10, 'pe1234@ornek.com'),
(1383, '2023-12-26', 'Ücretli', 'Yusuf', 11, 'mk1234@ornek.com'),
(1384, '2023-12-26', 'İndirimli', 'Dilara', 12, 'pi1234@ornek.com'),
(1385, '2023-12-26', 'Öğrenci', 'Eren', 13, 'ei1234@ornek.com'),
(1386, '2023-12-26', 'Ücretli', 'Ceren', 14, 'zk1234@ornek.com'),
(1387, '2023-12-26', 'İndirimli', 'Berfin', 15, 'ki1234@ornek.com'),
(1388, '2023-12-26', 'Öğrenci', 'Murat', 16, 'pd1234@ornek.com'),
(1389, '2023-12-26', 'Ücretli', 'Zeki', 17, 'im1234@ornek.com'),
(1390, '2023-12-26', 'İndirimli', 'Ezgi', 18, 'rf1234@ornek.com'),
(1391, '2023-12-26', 'Öğrenci', 'Gül', 19, 'ru1234@ornek.com'),
(1392, '2023-12-26', 'Ücretli', 'Umut', 20, 'hq1234@ornek.com'),
(1393, '2023-12-26', 'İndirimli', 'Berk', 21, 'av1234@ornek.com'),
(1394, '2023-12-26', 'Öğrenci', 'Nisa', 22, 'qn1234@ornek.com'),
(1395, '2023-12-26', 'Ücretli', 'Ali', 23, 'mr1234@ornek.com'),
(1396, '2023-12-26', 'İndirimli', 'Deniz', 24, 'ix1234@ornek.com'),
(1397, '2023-12-26', 'Öğrenci', 'Elanur', 25, 'vb1234@ornek.com'),
(1398, '2023-12-26', 'Ücretli', 'Ege', 26, 'bj1234@ornek.com'),
(1399, '2023-12-26', 'İndirimli', 'Ayaz', 27, 'ld1234@ornek.com'),
(1400, '2023-12-26', 'Öğrenci', 'Zara', 28, 'yx1234@ornek.com'),
(1401, '2023-12-26', 'Ücretli', 'Aslı', 29, 'if1234@ornek.com'),
(1402, '2023-12-26', 'İndirimli', 'Can', 30, 'pu1234@ornek.com'),
(1403, '2023-12-26', 'Öğrenci', 'Ekin', 31, 'nz1234@ornek.com'),
(1404, '2023-12-26', 'Ücretli', 'Ece', 32, 'jm1234@ornek.com'),
(1405, '2023-12-26', 'İndirimli', 'Mert', 33, 'pl1234@ornek.com'),
(1406, '2023-12-26', 'Öğrenci', 'Defne', 34, 'vw1234@ornek.com'),
(1407, '2023-12-26', 'Ücretli', 'Okan', 35, 'cm1234@ornek.com'),
(1408, '2023-12-26', 'İndirimli', 'İrem', 36, 'qm1234@ornek.com'),
(1409, '2023-12-26', 'Öğrenci', 'Furkan', 37, 'cw1234@ornek.com'),
(1410, '2023-12-26', 'Ücretli', 'Selma', 38, 'ym1234@ornek.com'),
(1411, '2023-12-26', 'İndirimli', 'Onur', 39, 'cx1234@ornek.com'),
(1412, '2023-12-26', 'Öğrenci', 'Selin', 40, 'cf1234@ornek.com'),
(1413, '2023-12-26', 'Ücretli', 'Yasir', 41, 'kr1234@ornek.com'),
(1414, '2023-12-26', 'İndirimli', 'Şeyma', 42, 'sd1234@ornek.com'),
(1415, '2023-12-26', 'Öğrenci', 'Emir', 43, 'sh1234@ornek.com'),
(1416, '2023-12-26', 'Ücretli', 'İlayda', 44, 'yr1234@ornek.com'),
(1417, '2023-12-26', 'İndirimli', 'Yavuz', 45, 'oh1234@ornek.com'),
(1418, '2023-12-26', 'Öğrenci', 'Sude', 46, 'xh1234@ornek.com'),
(1419, '2023-12-26', 'Ücretli', 'Serkan', 47, 'kd1234@ornek.com'),
(1420, '2023-12-26', 'İndirimli', 'Esra', 48, 'uq1234@ornek.com'),
(1421, '2023-12-26', 'Öğrenci', 'Emine', 49, 'ny1234@ornek.com'),
(1422, '2023-12-26', 'Ücretli', 'Eray', 50, 'll1234@ornek.com'),
(1423, '2023-12-26', 'Öğrenci', 'Zeynep', 51, 'rb1234@ornek.com'),
(1424, '2023-12-26', 'Ücretli', 'Eymen', 52, 'po1234@ornek.com'),
(1425, '2023-12-26', 'İndirimli', 'Gabriel', 53, 'ju1234@ornek.com'),
(1426, '2023-12-26', 'Studente', 'Lorenzo', 54, 'ct1234@ornek.com'),
(1427, '2023-12-27', 'Öğrenci', 'Eren', 1, 'wu1234@ornek.com'),
(1428, '2023-12-27', 'Ücretli', 'Melisa', 2, 'tk1234@ornek.com'),
(1429, '2023-12-27', 'İndirimli', 'Lucas', 3, 'wy1234@ornek.com'),
(1430, '2023-12-27', 'Öğrenci', 'Eva', 4, 'ps1234@ornek.com'),
(1431, '2023-12-27', 'İndirimli', 'Zara', 5, 'qw1234@ornek.com'),
(1432, '2023-12-27', 'Ücretli', 'Antoine', 6, 'yi1234@ornek.com'),
(1433, '2023-12-27', 'Öğrenci', 'Sedef', 7, 'mk1234@ornek.com'),
(1434, '2023-12-27', 'Ücretli', 'Sophie', 8, 'na1234@ornek.com'),
(1435, '2023-12-27', 'İndirimli', 'Can', 9, 'en1234@ornek.com'),
(1436, '2023-12-27', 'Öğrenci', 'Ayşe', 10, 'ar1234@ornek.com'),
(1437, '2023-12-27', 'Ücretli', 'Ege', 11, 'ox1234@ornek.com'),
(1438, '2023-12-27', 'İndirimli', 'Ecrin', 12, 'yy1234@ornek.com'),
(1439, '2023-12-27', 'Öğrenci', 'Cem', 13, 'nw1234@ornek.com'),
(1440, '2023-12-27', 'Ücretli', 'Deniz', 14, 'ew1234@ornek.com'),
(1441, '2023-12-27', 'İndirimli', 'Elif', 15, 'ru1234@ornek.com'),
(1442, '2023-12-27', 'İndirimli', 'Murat', 16, 'qd1234@ornek.com'),
(1443, '2023-12-27', 'Ücretli', 'Zehra', 17, 'ci1234@ornek.com'),
(1444, '2023-12-27', 'Öğrenci', 'Kaan', 18, 'el1234@ornek.com'),
(1445, '2023-12-27', 'Ücretli', 'Buse', 19, 'sc1234@ornek.com'),
(1446, '2023-12-27', 'İndirimli', 'Ali', 20, 'no1234@ornek.com'),
(1447, '2023-12-27', 'Ücretli', 'Mira', 21, 'ph1234@ornek.com'),
(1448, '2023-12-27', 'İndirimli', 'Emre', 22, 'qr1234@ornek.com'),
(1449, '2023-12-27', 'Öğrenci', 'Selma', 23, 'xs1234@ornek.com'),
(1450, '2023-12-27', 'Ücretli', 'Ege', 24, 'ob1234@ornek.com'),
(1451, '2023-12-27', 'İndirimli', 'Aslı', 25, 'uw1234@ornek.com'),
(1452, '2023-12-27', 'Ücretli', 'Yusuf', 26, 'ey1234@ornek.com'),
(1453, '2023-12-27', 'İndirimli', 'Cansu', 27, 'jd1234@ornek.com'),
(1454, '2023-12-27', 'Öğrenci', 'Efe', 28, 'hs1234@ornek.com'),
(1455, '2023-12-27', 'Ücretli', 'Abdülhamit yalçın', 29, 'da1234@ornek.com'),
(1456, '2023-12-27', 'İndirimli', 'Berk', 30, 'mi1234@ornek.com'),
(1457, '2023-12-27', 'Öğrenci', 'Elif', 31, 'bq1234@ornek.com'),
(1458, '2023-12-27', 'Ücretli', 'Oğuz', 32, 'lb1234@ornek.com'),
(1459, '2023-12-27', 'İndirimli', 'Büşra', 33, 'zl1234@ornek.com'),
(1460, '2023-12-27', 'Öğrenci', 'Yavuz', 34, 'gh1234@ornek.com'),
(1461, '2023-12-27', 'Ücretli', 'Zeynep', 35, 'no1234@ornek.com'),
(1462, '2023-12-27', 'İndirimli', 'Cemre', 36, 'kh1234@ornek.com'),
(1463, '2023-12-27', 'Öğrenci', 'Sude', 37, 'nu1234@ornek.com'),
(1464, '2023-12-27', 'Ücretli', 'Ege', 38, 'lc1234@ornek.com'),
(1465, '2023-12-27', 'İndirimli', 'Arda', 39, 'ma1234@ornek.com'),
(1466, '2023-12-27', 'Öğrenci', 'Tolga', 40, 'yb1234@ornek.com'),
(1467, '2023-12-27', 'Ücretli', 'Melike', 41, 'rh1234@ornek.com'),
(1468, '2023-12-27', 'İndirimli', 'Cihan', 42, 'gw1234@ornek.com'),
(1469, '2023-12-27', 'Öğrenci', 'Sude', 43, 'fs1234@ornek.com'),
(1470, '2023-12-27', 'Ücretli', 'Ege', 44, 'nu1234@ornek.com'),
(1471, '2023-12-27', 'İndirimli', 'Zeynep', 45, 'pw1234@ornek.com'),
(1472, '2023-12-27', 'Öğrenci', 'Burak', 46, 'un1234@ornek.com'),
(1473, '2023-12-27', 'Ücretli', 'Defne', 47, 'vj1234@ornek.com'),
(1474, '2023-12-27', 'İndirimli', 'Sophia', 48, 'yf1234@ornek.com'),
(1475, '2023-12-27', 'Öğrenci', 'Liam', 49, 'bw1234@ornek.com'),
(1476, '2023-12-27', 'Ücretli', 'Olivia', 50, 'el1234@ornek.com'),
(1477, '2023-12-27', 'İndirimli', 'Jackson', 51, 'tx1234@ornek.com'),
(1478, '2023-12-27', 'Öğrenci', 'Aiden', 52, 'ro1234@ornek.com'),
(1479, '2023-12-27', 'Ücretli', 'Mia', 53, 'xm1234@ornek.com'),
(1480, '2023-12-27', 'İndirimli', 'Lucas', 54, 'xp1234@ornek.com'),
(1481, '2023-12-27', 'Öğrenci', 'Emma', 55, 'cw1234@ornek.com'),
(1482, '2023-12-27', 'Ücretli', 'Sophia', 56, 'eg1234@ornek.com'),
(1483, '2023-12-27', 'İndirimli', 'Ethan', 57, 'id1234@ornek.com'),
(1484, '2023-12-27', 'Öğrenci', 'Mia', 58, 'he1234@ornek.com'),
(1485, '2023-12-27', 'Ücretli', 'Ava', 59, 'cr1234@ornek.com'),
(1486, '2023-12-27', 'İndirimli', 'Liam', 60, 'xb1234@ornek.com'),
(1487, '2023-12-27', 'Öğrenci', 'Isabella', 61, 'em1234@ornek.com'),
(1488, '2023-12-27', 'Ücretli', 'Oliver', 62, 'hn1234@ornek.com'),
(1489, '2023-12-27', 'İndirimli', 'Sophia', 63, 'jk1234@ornek.com'),
(1490, '2023-12-27', 'Öğrenci', 'Lucas', 64, 'iw1234@ornek.com'),
(1491, '2023-12-27', 'Ücretli', 'Emma', 65, 'mc1234@ornek.com'),
(1492, '2023-12-27', 'İndirimli', 'Mia', 66, 'll1234@ornek.com'),
(1493, '2023-12-27', 'Öğrenci', 'Ethan', 67, 'jb1234@ornek.com'),
(1494, '2023-12-27', 'Ücretli', 'Ava', 68, 'xq1234@ornek.com'),
(1495, '2023-12-27', 'İndirimli', 'Sophia', 69, 'ig1234@ornek.com'),
(1496, '2023-12-27', 'Öğrenci', 'Olivia', 70, 'oa1234@ornek.com'),
(1497, '2023-12-27', 'Ücretli', 'Jackson', 71, 'yq1234@ornek.com'),
(1498, '2023-12-27', 'İndirimli', 'Aiden', 72, 'rk1234@ornek.com'),
(1499, '2023-12-27', 'Öğrenci', 'Liam', 73, 'ux1234@ornek.com'),
(1500, '2023-12-27', 'Ücretli', 'Emma', 74, 'gr1234@ornek.com'),
(1501, '2023-12-27', 'İndirimli', 'Olivia', 75, 'ky1234@ornek.com'),
(1502, '2023-12-27', 'Öğrenci', 'Sophia', 76, 'ir1234@ornek.com'),
(1503, '2023-12-27', 'Ücretli', 'Ethan', 77, 'ux1234@ornek.com'),
(1504, '2023-12-27', 'İndirimli', 'Mia', 78, 'ki1234@ornek.com'),
(1505, '2023-12-27', 'Öğrenci', 'Ava', 79, 'wg1234@ornek.com'),
(1506, '2023-12-27', 'Ücretli', 'Lucas', 80, 'qc1234@ornek.com'),
(1507, '2023-12-27', 'İndirimli', 'Isabella', 81, 'fn1234@ornek.com'),
(1508, '2023-12-27', 'Öğrenci', 'Oliver', 82, 're1234@ornek.com'),
(1509, '2023-12-27', 'Ücretli', 'Sophia', 83, 'ti1234@ornek.com'),
(1510, '2023-12-27', 'İndirimli', 'Lucas', 84, 'ef1234@ornek.com'),
(1511, '2023-12-27', 'Öğrenci', 'Emma', 85, 'sh1234@ornek.com'),
(1512, '2023-12-27', 'Ücretli', 'Mia', 86, 'mm1234@ornek.com'),
(1513, '2023-12-27', 'İndirimli', 'Ethan', 87, 'xk1234@ornek.com'),
(1514, '2023-12-27', 'Öğrenci', 'Ava', 88, 'po1234@ornek.com'),
(1515, '2023-12-27', 'Ücretli', 'Sophia', 89, 'oo1234@ornek.com'),
(1516, '2023-12-27', 'İndirimli', 'Olivia', 90, 'go1234@ornek.com'),
(1517, '2023-12-27', 'Öğrenci', 'Jackson', 91, 'zn1234@ornek.com'),
(1518, '2023-12-27', 'Ücretli', 'Aiden', 92, 'qg1234@ornek.com'),
(1519, '2023-12-27', 'İndirimli', 'Isabella', 93, 'xo1234@ornek.com'),
(1520, '2023-12-27', 'Öğrenci', 'Oliver', 94, 'no1234@ornek.com'),
(1521, '2023-12-27', 'Ücretli', 'Sophia', 95, 'hw1234@ornek.com'),
(1522, '2023-12-27', 'İndirimli', 'Mia', 96, 'vr1234@ornek.com'),
(1523, '2023-12-27', 'Öğrenci', 'Ethan', 97, 'kj1234@ornek.com'),
(1524, '2023-12-27', 'Ücretli', 'Ava', 98, 'wp1234@ornek.com'),
(1525, '2023-12-27', 'İndirimli', 'Sophia', 99, 'yr1234@ornek.com'),
(1526, '2023-12-27', 'Ücretli', 'Lucas', 100, 'ze1234@ornek.com'),
(1527, '2023-12-31', 'Öğrenci', 'Giuseppe', 1, 'he1234@ornek.com'),
(1528, '2023-12-31', 'Ücretli', 'Mehmet', 2, 'ri1234@ornek.com'),
(1529, '2023-12-31', 'İndirimli', 'Camille', 3, 'bh1234@ornek.com'),
(1530, '2023-12-31', 'Öğrenci', 'Claire', 4, 'bb1234@ornek.com'),
(1531, '2023-12-31', 'Ücretli', 'Matteo', 5, 'rw1234@ornek.com'),
(1532, '2023-12-31', 'İndirimli', 'Zehra', 6, 'gb1234@ornek.com'),
(1533, '2023-12-31', 'Öğrenci', 'Osman', 7, 'sv1234@ornek.com'),
(1534, '2023-12-31', 'Ücretli', 'Elif', 8, 'vz1234@ornek.com'),
(1535, '2023-12-31', 'İndirimli', 'Olivier', 9, 'zt1234@ornek.com'),
(1536, '2023-12-31', 'Öğrenci', 'Gizem', 10, 'fi1234@ornek.com'),
(1537, '2023-12-31', 'Ücretli', 'Isabella', 11, 'xq1234@ornek.com'),
(1538, '2023-12-31', 'İndirimli', 'Luca', 12, 'gy1234@ornek.com'),
(1539, '2023-12-31', 'Öğrenci', 'Sophia', 13, 'bj1234@ornek.com'),
(1540, '2023-12-31', 'Ücretli', 'Lucas', 14, 'rt1234@ornek.com'),
(1541, '2023-12-31', 'İndirimli', 'Emma', 15, 'up1234@ornek.com'),
(1542, '2023-12-31', 'Öğrenci', 'Mia', 16, 'pq1234@ornek.com'),
(1543, '2023-12-31', 'Ücretli', 'Étienne', 17, 'ox1234@ornek.com'),
(1544, '2023-12-31', 'İndirimli', 'Ava', 18, 'bi1234@ornek.com'),
(1545, '2023-12-31', 'Öğrenci', 'Chiara', 19, 'fs1234@ornek.com'),
(1546, '2023-12-31', 'Ücretli', 'Olivia', 20, 'ys1234@ornek.com'),
(1547, '2023-12-31', 'İndirimli', 'Jackson', 21, 'eu1234@ornek.com'),
(1548, '2023-12-31', 'Öğrenci', 'Aiden', 22, 'ap1234@ornek.com'),
(1549, '2023-12-31', 'Ücretli', 'Liam', 23, 'jq1234@ornek.com'),
(1550, '2023-12-31', 'İndirimli', 'Emma', 24, 'wy1234@ornek.com'),
(1551, '2023-12-31', 'Öğrenci', 'Olivia', 25, 'yg1234@ornek.com'),
(1552, '2023-12-31', 'Ücretli', 'Sophia', 26, 'ij1234@ornek.com'),
(1553, '2023-12-31', 'İndirimli', 'Ethan', 27, 'eg1234@ornek.com'),
(1554, '2023-12-31', 'Öğrenci', 'Mia', 28, 'fq1234@ornek.com'),
(1555, '2023-12-31', 'Ücretli', 'Ava', 29, 'zg1234@ornek.com'),
(1556, '2023-12-31', 'İndirimli', 'Lucas', 30, 'ki1234@ornek.com'),
(1557, '2023-12-31', 'Öğrenci', 'Isabella', 31, 'tw1234@ornek.com'),
(1558, '2023-12-31', 'Ücretli', 'Oliver', 32, 'nl1234@ornek.com'),
(1559, '2023-12-31', 'İndirimli', 'Sophia', 33, 'ga1234@ornek.com'),
(1560, '2023-12-31', 'Öğrenci', 'Lucas', 34, 'ux1234@ornek.com'),
(1561, '2023-12-31', 'Ücretli', 'Emma', 35, 'mq1234@ornek.com'),
(1562, '2023-12-31', 'İndirimli', 'Mia', 36, 'fl1234@ornek.com'),
(1563, '2023-12-31', 'Öğrenci', 'Ethan', 37, 'rp1234@ornek.com'),
(1564, '2023-12-31', 'Ücretli', 'Ava', 38, 'sv1234@ornek.com'),
(1565, '2023-12-31', 'İndirimli', 'Sophia', 39, 'fn1234@ornek.com'),
(1566, '2023-12-31', 'Öğrenci', 'Olivia', 40, 'vy1234@ornek.com'),
(1567, '2023-12-31', 'Ücretli', 'Jackson', 41, 'ed1234@ornek.com'),
(1568, '2023-12-31', 'İndirimli', 'Aiden', 42, 'rr1234@ornek.com'),
(1569, '2023-12-31', 'Öğrenci', 'Isabella', 43, 'di1234@ornek.com'),
(1570, '2023-12-31', 'Ücretli', 'Oliver', 44, 'gl1234@ornek.com'),
(1571, '2023-12-31', 'İndirimli', 'Sophia', 45, 'ms1234@ornek.com'),
(1572, '2023-12-31', 'Öğrenci', 'Luca', 46, 'ih1234@ornek.com'),
(1573, '2023-12-31', 'Ücretli', 'Emma', 47, 'nd1234@ornek.com'),
(1574, '2023-12-31', 'İndirimli', 'Lucas', 48, 'di1234@ornek.com'),
(1575, '2023-12-31', 'Öğrenci', 'Matteo', 49, 'hr1234@ornek.com'),
(1576, '2023-12-31', 'Ücretli', 'Giulia', 50, 'pk1234@ornek.com'),
(1577, '2023-12-31', 'İndirimli', 'Antoine', 51, 'bm1234@ornek.com'),
(1578, '2023-12-31', 'Öğrenci', 'Elif', 52, 'qo1234@ornek.com'),
(1579, '2023-12-31', 'Ücretli', 'Raphael', 53, 'ag1234@ornek.com'),
(1580, '2023-12-31', 'İndirimli', 'Sophie', 54, 'dc1234@ornek.com'),
(1581, '2023-12-31', 'Öğrenci', 'Fabio', 55, 'di1234@ornek.com'),
(1582, '2023-12-31', 'Ücretli', 'Zara', 56, 'cw1234@ornek.com'),
(1583, '2023-12-31', 'İndirimli', 'Louis', 57, 'de1234@ornek.com'),
(1584, '2023-12-31', 'Öğrenci', 'Elise', 58, 'tn1234@ornek.com'),
(1585, '2023-12-31', 'Ücretli', 'Matthieu', 59, 'oe1234@ornek.com'),
(1586, '2023-12-31', 'İndirimli', 'Nina', 60, 'cz1234@ornek.com'),
(1587, '2023-12-31', 'Öğrenci', 'Leon', 61, 'zn1234@ornek.com'),
(1588, '2023-12-31', 'Ücretli', 'Amélie', 62, 'rm1234@ornek.com'),
(1589, '2023-12-31', 'İndirimli', 'Hugo', 63, 'fz1234@ornek.com'),
(1590, '2023-12-31', 'Öğrenci', 'Eva', 64, 'ux1234@ornek.com'),
(1591, '2023-12-31', 'Ücretli', 'Théo', 65, 'oy1234@ornek.com'),
(1592, '2023-12-31', 'İndirimli', 'Sophie', 66, 'am1234@ornek.com'),
(1593, '2023-12-31', 'Öğrenci', 'Luc', 67, 'jt1234@ornek.com'),
(1594, '2023-12-31', 'Ücretli', 'Céline', 68, 'ni1234@ornek.com'),
(1595, '2023-12-31', 'İndirimli', 'Maxime', 69, 'ks1234@ornek.com'),
(1596, '2023-12-31', 'Öğrenci', 'Manon', 70, 'sm1234@ornek.com'),
(1597, '2023-12-31', 'Ücretli', 'Léo', 71, 'xr1234@ornek.com'),
(1598, '2023-12-31', 'İndirimli', 'Juliette', 72, 'vv1234@ornek.com'),
(1599, '2023-12-31', 'Öğrenci', 'Alexandre', 73, 'oy1234@ornek.com'),
(1600, '2023-12-31', 'Ücretli', 'Léa', 74, 'un1234@ornek.com'),
(1601, '2023-12-31', 'İndirimli', 'Enzo', 75, 'rq1234@ornek.com'),
(1602, '2023-12-31', 'Öğrenci', 'Louise', 76, 'bq1234@ornek.com'),
(1603, '2023-12-31', 'Ücretli', 'Gabriel', 77, 'hj1234@ornek.com'),
(1604, '2023-12-31', 'İndirimli', 'Chloé', 78, 'kj1234@ornek.com'),
(1605, '2023-12-31', 'Öğrenci', 'Romain', 79, 'ls1234@ornek.com'),
(1606, '2023-12-31', 'Ücretli', 'Anaïs', 80, 'no1234@ornek.com'),
(1607, '2023-12-31', 'İndirimli', 'Elif', 1, 'wj1234@ornek.com'),
(1608, '2023-12-31', 'Öğrenci', 'Giovanni', 2, 'zj1234@ornek.com'),
(1609, '2023-12-31', 'Ücretli', 'Burak', 3, 'or1234@ornek.com'),
(1610, '2023-12-31', 'İndirimli', 'Isabella', 4, 'qx1234@ornek.com'),
(1611, '2023-12-31', 'Öğrenci', 'Luca', 5, 'cb1234@ornek.com'),
(1612, '2023-12-31', 'Ücretli', 'Deniz', 6, 'dl1234@ornek.com'),
(1613, '2023-12-31', 'İndirimli', 'Alessia', 7, 'wu1234@ornek.com');
INSERT INTO `ziyaretciler` (`Giriş_id`, `Tarih`, `Giriş_türü`, `Ziyaretçi_adi`, `ziyaretçi_id`, `eposta`) VALUES
(1614, '2023-12-31', 'Öğrenci', 'Ege', 8, 'yh1234@ornek.com'),
(1615, '2023-12-31', 'Ücretli', 'Matteo', 9, 'wu1234@ornek.com'),
(1616, '2023-12-31', 'İndirimli', 'Zeynep', 10, 'gg1234@ornek.com'),
(1617, '2023-12-31', 'Öğrenci', 'Gabriele', 11, 'jn1234@ornek.com'),
(1618, '2023-12-31', 'Ücretli', 'Cemre', 12, 'pd1234@ornek.com'),
(1619, '2023-12-31', 'İndirimli', 'Elena', 13, 'me1234@ornek.com'),
(1620, '2023-12-31', 'Öğrenci', 'Liam', 14, 'zd1234@ornek.com'),
(1621, '2023-12-31', 'Ücretli', 'Giulia', 15, 'mu1234@ornek.com'),
(1622, '2023-12-31', 'İndirimli', 'Elif', 16, 'wd1234@ornek.com'),
(1623, '2023-12-31', 'Öğrenci', 'Luca', 17, 'ed1234@ornek.com'),
(1624, '2023-12-31', 'Ücretli', 'Ezgi', 18, 'cb1234@ornek.com'),
(1625, '2023-12-31', 'İndirimli', 'Matteo', 19, 'jn1234@ornek.com'),
(1626, '2023-12-31', 'Öğrenci', 'Sophia', 20, 'zl1234@ornek.com'),
(1627, '2023-12-31', 'Ücretli', 'Gabriel', 21, 'rs1234@ornek.com'),
(1628, '2023-12-31', 'İndirimli', 'Valentina', 22, 'fx1234@ornek.com'),
(1629, '2023-12-31', 'Öğrenci', 'Cihan', 23, 'nk1234@ornek.com'),
(1630, '2023-12-31', 'Ücretli', 'Chiara', 24, 'id1234@ornek.com'),
(1631, '2023-12-31', 'İndirimli', 'Elif', 25, 'mt1234@ornek.com'),
(1632, '2023-12-31', 'Öğrenci', 'Leonardo', 26, 'or1234@ornek.com'),
(1633, '2023-12-31', 'Ücretli', 'Ela', 27, 're1234@ornek.com'),
(1634, '2023-12-31', 'İndirimli', 'Lorenzo', 28, 'lw1234@ornek.com'),
(1635, '2023-12-31', 'Öğrenci', 'Aylin', 29, 'sk1234@ornek.com'),
(1636, '2023-12-31', 'Ücretli', 'Sophie', 30, 'qw1234@ornek.com'),
(1637, '2023-12-31', 'Öğrenci', 'Ahmet', 1, 'ps1234@ornek.com'),
(1638, '2023-12-31', 'Ücretli', 'Ayşe', 2, 'mh1234@ornek.com'),
(1639, '2023-12-31', 'Öğrenci', 'Zeynep', 4, 'gv1234@ornek.com'),
(1640, '2023-12-31', 'Ücretli', 'Mehmet', 5, 'fj1234@ornek.com'),
(1641, '2023-12-31', 'İndirimli', 'Fatma', 6, 'rw1234@ornek.com'),
(1642, '2023-12-31', 'Öğrenci', 'Ali', 7, 'se1234@ornek.com'),
(1643, '2023-12-31', 'Ücretli', 'Gizem', 8, 'uy1234@ornek.com'),
(1644, '2023-12-31', 'İndirimli', 'Yusuf', 9, 'nc1234@ornek.com'),
(1645, '2023-12-31', 'Öğrenci', 'Ceren', 10, 'dy1234@ornek.com'),
(1646, '2023-12-31', 'Ücretli', 'Eren', 11, 'ij1234@ornek.com'),
(1647, '2023-12-31', 'İndirimli', 'Elif', 12, 'pv1234@ornek.com'),
(1648, '2023-12-31', 'Öğrenci', 'Burak', 13, 'op1234@ornek.com'),
(1649, '2023-12-31', 'Ücretli', 'Selma', 14, 'sp1234@ornek.com'),
(1650, '2023-12-31', 'İndirimli', 'Oğuz', 15, 'ad1234@ornek.com'),
(1651, '2023-12-31', 'Öğrenci', 'Cemre', 16, 'ud1234@ornek.com'),
(1652, '2023-12-31', 'Ücretli', 'Emir', 17, 'jk1234@ornek.com'),
(1653, '2023-12-31', 'İndirimli', 'Aslı', 18, 'yk1234@ornek.com'),
(1654, '2023-12-31', 'Öğrenci', 'Berk', 19, 'xo1234@ornek.com'),
(1655, '2023-12-31', 'Ücretli', 'Nisa', 20, 'ky1234@ornek.com'),
(1656, '2023-12-31', 'İndirimli', 'Deniz', 21, 'gj1234@ornek.com'),
(1657, '2023-12-31', 'Öğrenci', 'Can', 22, 'mb1234@ornek.com'),
(1658, '2023-12-31', 'Ücretli', 'Ekin', 23, 'qw1234@ornek.com'),
(1659, '2023-12-31', 'İndirimli', 'Ece', 24, 'wv1234@ornek.com'),
(1660, '2023-12-31', 'Öğrenci', 'Mert', 25, 'jc1234@ornek.com'),
(1661, '2023-12-31', 'Ücretli', 'Defne', 26, 'os1234@ornek.com'),
(1662, '2023-12-31', 'İndirimli', 'Okan', 27, 'ow1234@ornek.com'),
(1663, '2023-12-31', 'Öğrenci', 'İrem', 28, 'cd1234@ornek.com'),
(1664, '2023-12-31', 'Ücretli', 'Selin', 29, 'jv1234@ornek.com'),
(1665, '2023-12-31', 'İndirimli', 'Yasir', 30, 'dh1234@ornek.com'),
(1666, '2023-12-31', 'Öğrenci', 'Şeyma', 31, 'xt1234@ornek.com'),
(1667, '2023-12-31', 'Ücretli', 'Emir', 32, 'el1234@ornek.com'),
(1668, '2023-12-31', 'İndirimli', 'İlayda', 33, 'qw1234@ornek.com'),
(1669, '2023-12-31', 'Öğrenci', 'Yavuz', 34, 'ps1234@ornek.com'),
(1670, '2023-12-31', 'Ücretli', 'Sude', 35, 'vu1234@ornek.com'),
(1671, '2023-12-31', 'İndirimli', 'Serkan', 36, 'pu1234@ornek.com'),
(1672, '2023-12-31', 'Öğrenci', 'Esra', 37, 'nd1234@ornek.com'),
(1673, '2023-12-31', 'Ücretli', 'Emine', 38, 'iw1234@ornek.com'),
(1674, '2023-12-31', 'İndirimli', 'Eray', 39, 'dn1234@ornek.com'),
(1675, '2023-12-31', 'Öğrenci', 'Sophia', 40, 'xp1234@ornek.com'),
(1676, '2023-12-31', 'Ücretli', 'Liam', 41, 'cf1234@ornek.com'),
(1677, '2023-12-31', 'İndirimli', 'Olivia', 42, 'oh1234@ornek.com'),
(1678, '2023-12-31', 'Öğrenci', 'Jackson', 43, 'vb1234@ornek.com'),
(1679, '2023-12-31', 'Ücretli', 'Emma', 44, 'gc1234@ornek.com'),
(1680, '2023-12-31', 'İndirimli', 'Aiden', 45, 'tl1234@ornek.com'),
(1681, '2023-12-31', 'Öğrenci', 'Mia', 46, 'zj1234@ornek.com'),
(1682, '2023-12-31', 'Ücretli', 'Lucas', 47, 'ln1234@ornek.com'),
(1683, '2023-12-31', 'İndirimli', 'Ava', 48, 'yx1234@ornek.com'),
(1684, '2023-12-31', 'Öğrenci', 'Sophia', 49, 'kd1234@ornek.com'),
(1685, '2023-12-31', 'Ücretli', 'Olivia', 50, 'mi1234@ornek.com'),
(1686, '2023-12-31', 'İndirimli', 'Zeynep', 51, 'qw1234@ornek.com'),
(1687, '2023-12-31', 'Öğrenci', 'Emir', 52, 'sd1234@ornek.com'),
(1688, '2023-12-31', 'Ücretli', 'Elif', 53, 'tn1234@ornek.com'),
(1689, '2023-12-31', 'İndirimli', 'Ali', 54, 'yy1234@ornek.com'),
(1690, '2023-12-31', 'Öğrenci', 'Ceren', 55, 'nb1234@ornek.com'),
(1691, '2023-12-31', 'Ücretli', 'Ege', 56, 'sv1234@ornek.com'),
(1692, '2023-12-31', 'İndirimli', 'Zehra', 57, 'bt1234@ornek.com'),
(1693, '2023-12-31', 'Öğrenci', 'Berk', 58, 'pr1234@ornek.com'),
(1694, '2023-12-31', 'Ücretli', 'Yasemin', 59, 'oj1234@ornek.com'),
(1695, '2023-12-31', 'İndirimli', 'Oğuz', 60, 'ys1234@ornek.com'),
(1696, '2023-12-31', 'Öğrenci', 'Cemre', 61, 'vt1234@ornek.com'),
(1697, '2023-12-31', 'Ücretli', 'Efe', 62, 'xy1234@ornek.com'),
(1698, '2023-12-31', 'İndirimli', 'Melis', 63, 'wq1234@ornek.com'),
(1699, '2023-12-31', 'Öğrenci', 'Arda', 64, 'hb1234@ornek.com'),
(1700, '2023-12-31', 'Ücretli', 'Ayşe', 65, 'ei1234@ornek.com'),
(1701, '2023-12-31', 'İndirimli', 'Can', 66, 'iu1234@ornek.com'),
(1702, '2023-12-31', 'Öğrenci', 'Yasin', 67, 'ow1234@ornek.com'),
(1703, '2023-12-31', 'Ücretli', 'Zara', 68, 'rj1234@ornek.com'),
(1704, '2023-12-31', 'İndirimli', 'Ela', 69, 'ap1234@ornek.com'),
(1705, '2023-12-31', 'Öğrenci', 'Kaan', 70, 'fx1234@ornek.com'),
(1706, '2023-12-31', 'Ücretli', 'Cemile', 71, 'js1234@ornek.com'),
(1707, '2023-12-31', 'İndirimli', 'Kerem', 72, 'vj1234@ornek.com'),
(1708, '2023-12-31', 'Öğrenci', 'Ceren', 73, 'pz1234@ornek.com'),
(1709, '2023-12-31', 'Ücretli', 'Deniz', 74, 'se1234@ornek.com'),
(1710, '2023-12-31', 'İndirimli', 'Emirhan', 75, 'nu1234@ornek.com'),
(1711, '2023-12-31', 'Öğrenci', 'Esra', 76, 'or1234@ornek.com'),
(1712, '2023-12-31', 'Ücretli', 'İrem', 77, 'kw1234@ornek.com'),
(1713, '2023-12-31', 'İndirimli', 'Yunus', 78, 'hw1234@ornek.com'),
(1714, '2023-12-31', 'Öğrenci', 'Elif', 79, 'da1234@ornek.com'),
(1715, '2023-12-31', 'Ücretli', 'Burak', 80, 'js1234@ornek.com'),
(1716, '2023-12-31', 'Öğrenci', 'Defne', 81, 'mt1234@ornek.com'),
(1717, '2023-12-31', 'Ücretli', 'Okan', 82, 'cw1234@ornek.com'),
(1718, '2023-12-31', 'İndirimli', 'Nisan', 83, 'ib1234@ornek.com'),
(1719, '2023-12-31', 'Öğrenci', 'Alp', 84, 'aj1234@ornek.com'),
(1720, '2023-12-31', 'Ücretli', 'Ezgi', 85, 'dc1234@ornek.com'),
(1721, '2023-12-31', 'İndirimli', 'Umut', 86, 'bz1234@ornek.com'),
(1722, '2023-12-31', 'Öğrenci', 'Beyza', 87, 'ej1234@ornek.com'),
(1723, '2023-12-31', 'Ücretli', 'Tolga', 88, 'ri1234@ornek.com'),
(1724, '2023-12-31', 'İndirimli', 'Melike', 89, 'yc1234@ornek.com'),
(1725, '2023-12-31', 'Öğrenci', 'Cihan', 90, 'ms1234@ornek.com'),
(1726, '2023-12-31', 'Ücretli', 'Sude', 91, 'ry1234@ornek.com'),
(1727, '2023-12-31', 'İndirimli', 'Ege', 92, 'xh1234@ornek.com'),
(1728, '2023-12-31', 'Öğrenci', 'Zeynep', 93, 'kc1234@ornek.com'),
(1729, '2023-12-31', 'Ücretli', 'Burak', 94, 'my1234@ornek.com'),
(1730, '2023-12-31', 'İndirimli', 'Defne', 95, 'gy1234@ornek.com'),
(1731, '2023-12-31', 'Öğrenci', 'Okan', 96, 'ev1234@ornek.com'),
(1732, '2023-12-31', 'Ücretli', 'Emir', 97, 'bb1234@ornek.com'),
(1733, '2023-12-31', 'İndirimli', 'Aylin', 98, 'mc1234@ornek.com'),
(1734, '2023-12-31', 'Öğrenci', 'Sophia', 99, 'sn1234@ornek.com'),
(1735, '2023-12-31', 'Ücretli', 'Olivia', 100, 'tm1234@ornek.com'),
(1736, '2023-12-31', 'İndirimli', 'Zeynep', 101, 'qh1234@ornek.com'),
(1737, '2023-12-31', 'Öğrenci', 'Emir', 102, 'xn1234@ornek.com'),
(1738, '2023-12-31', 'Ücretli', 'Elif', 103, 'te1234@ornek.com'),
(1739, '2023-12-31', 'İndirimli', 'Ali', 104, 'mq1234@ornek.com'),
(1740, '2023-12-31', 'Öğrenci', 'Ceren', 105, 'oq1234@ornek.com'),
(1741, '2023-12-31', 'Ücretli', 'Ege', 106, 'jt1234@ornek.com'),
(1742, '2023-12-31', 'İndirimli', 'Zehra', 107, 'ul1234@ornek.com'),
(1743, '2023-12-31', 'Öğrenci', 'Berk', 108, 'ed1234@ornek.com'),
(1744, '2023-12-31', 'Ücretli', 'Yasemin', 109, 'cf1234@ornek.com'),
(1745, '2023-12-31', 'İndirimli', 'Oğuz', 110, 'hd1234@ornek.com'),
(1746, '2023-12-31', 'Öğrenci', 'Cemre', 111, 'hd1234@ornek.com'),
(1747, '2023-12-31', 'Ücretli', 'Efe', 112, 'dv1234@ornek.com'),
(1748, '2023-12-31', 'İndirimli', 'Melis', 113, 'oj1234@ornek.com'),
(1749, '2023-12-31', 'Öğrenci', 'Arda', 114, 'ni1234@ornek.com'),
(1750, '2023-12-31', 'Ücretli', 'Ayşe', 115, 'ud1234@ornek.com'),
(1751, '2023-12-31', 'İndirimli', 'Can', 116, 'oi1234@ornek.com'),
(1752, '2023-12-31', 'Öğrenci', 'Yasin', 117, 'ic1234@ornek.com'),
(1753, '2023-12-31', 'Ücretli', 'Zara', 118, 'xj1234@ornek.com'),
(1754, '2023-12-31', 'İndirimli', 'Ela', 119, 'zx1234@ornek.com'),
(1755, '2023-12-31', 'Öğrenci', 'Kaan', 120, 'lf1234@ornek.com'),
(1756, '2023-12-31', 'Ücretli', 'Umut Karahan', 142, 'yq1234@ornek.com'),
(1757, '2023-12-31', 'İndirimli', 'Jülide Pala', 48, 'lq1234@ornek.com'),
(1758, '2023-12-31', 'Ücretli', 'Beyza Arıkan', 143, 'fi1234@ornek.com'),
(1759, '2023-12-31', 'Öğrenci', 'Kaan Sabır', 49, 'jf1234@ornek.com'),
(1760, '2023-12-31', 'Ücretli', 'Tolga Yücel', 144, 'ck1234@ornek.com'),
(1761, '2023-12-31', 'İndirimli', 'Leyla Taş', 50, 'jv1234@ornek.com'),
(1762, '2023-12-31', 'Ücretli', 'Melike Kaya', 145, 'mg1234@ornek.com'),
(1763, '2023-12-31', 'Ücretli', 'Cihan Yılmaz', 146, 'ek1234@ornek.com'),
(1764, '2023-12-31', 'Ücretli', 'Sude Gürkan', 147, 'st1234@ornek.com'),
(1765, '2023-12-31', 'Ücretli', 'Ege Şahin', 148, 'fx1234@ornek.com'),
(1766, '2023-12-31', 'Ücretli', 'Zeynep Avcı', 149, 'kv1234@ornek.com'),
(1767, '2023-12-31', 'Ücretli', 'Burak Kılıç', 150, 'px1234@ornek.com'),
(1768, '2023-12-31', 'Ücretli', 'Melis Öztürk', 151, 'yp1234@ornek.com'),
(1769, '2023-12-31', 'Ücretli', 'Kaan Kılıç', 152, 're1234@ornek.com'),
(1770, '2023-12-31', 'Ücretli', 'Cemile Yılmaz', 153, 'vi1234@ornek.com'),
(1771, '2023-12-31', 'Ücretli', 'Kerem Şahin', 154, 'gb1234@ornek.com'),
(1772, '2023-12-31', 'Ücretli', 'Nazlıhan Türkoğlu', 155, 'gw1234@ornek.com'),
(1773, '2023-12-31', 'Ücretli', 'Mert Arslan', 156, 'mm1234@ornek.com'),
(1774, '2023-12-31', 'Ücretli', 'Aslıhan Akça', 157, 'so1234@ornek.com'),
(1775, '2023-12-31', 'Ücretli', 'Emir Demir', 158, 'kf1234@ornek.com'),
(1776, '2023-12-31', 'Ücretli', 'Nisan Özkan', 159, 'vg1234@ornek.com'),
(1777, '2023-12-31', 'Ücretli', 'Okan Uzun', 160, 'mk1234@ornek.com'),
(1778, '2023-12-31', 'Ücretli', 'Cemre Gürsoy', 161, 'do1234@ornek.com'),
(1779, '2023-12-31', 'Ücretli', 'Efe Ünlü', 162, 'uo1234@ornek.com'),
(1780, '2023-12-31', 'Ücretli', 'Melike Kara', 163, 'dm1234@ornek.com'),
(1781, '2023-12-31', 'Ücretli', 'Arda Türk', 164, 'xj1234@ornek.com'),
(1782, '2023-12-31', 'Ücretli', 'Ayşe Kaya', 165, 'ck1234@ornek.com'),
(1783, '2023-12-31', 'Ücretli', 'Can Avcı', 166, 'yx1234@ornek.com'),
(1784, '2023-12-31', 'Ücretli', 'Yasin Aydın', 167, 'hw1234@ornek.com'),
(1785, '2023-12-31', 'Ücretli', 'Zara Şahin', 168, 'dx1234@ornek.com'),
(1786, '2023-12-31', 'Ücretli', 'Ela Yalçın', 169, 'pe1234@ornek.com'),
(1787, '2023-12-31', 'Ücretli', 'Kaan Kaya', 170, 'ts1234@ornek.com'),
(1788, '2023-12-31', 'Ücretli', 'Cemile Yıldız', 171, 'gl1234@ornek.com'),
(1789, '2023-12-31', 'Ücretli', 'Kerem Erdoğan', 172, 'nn1234@ornek.com'),
(1790, '2023-12-31', 'Ücretli', 'Ceren Arıkan', 173, 'tr1234@ornek.com'),
(1791, '2023-12-31', 'Ücretli', 'Deniz Çetin', 174, 'dn1234@ornek.com'),
(1792, '2023-12-31', 'Ücretli', 'Emirhan Koç', 175, 'ta1234@ornek.com'),
(1793, '2023-12-31', 'Ücretli', 'Esra Şener', 176, 'qb1234@ornek.com'),
(1794, '2023-12-31', 'Ücretli', 'İrem Şentürk', 177, 'le1234@ornek.com'),
(1795, '2023-12-31', 'Ücretli', 'Yunus Arslan', 178, 'ed1234@ornek.com'),
(1796, '2023-12-31', 'Ücretli', 'Elif Ateş', 179, 'xu1234@ornek.com'),
(1797, '2023-12-31', 'Ücretli', 'Burak Arıkan', 180, 'vm1234@ornek.com'),
(1798, '2023-12-31', 'Ücretli', 'Aslı Şahin', 181, 'vr1234@ornek.com'),
(1799, '2023-12-31', 'Ücretli', 'Sefa Kılıç', 182, 'hw1234@ornek.com'),
(1800, '2023-12-31', 'Ücretli', 'Eylül Yıldız', 183, 'rb1234@ornek.com'),
(1801, '2023-12-31', 'Ücretli', 'Efe Yüksel', 184, 'tg1234@ornek.com'),
(1802, '2023-12-31', 'Ücretli', 'Selin Yılmaz', 185, 'sb1234@ornek.com'),
(1803, '2023-12-31', 'Ücretli', 'Bora Şahin', 186, 'rm1234@ornek.com'),
(1804, '2023-12-31', 'Ücretli', 'Aylin Akman', 187, 'sg1234@ornek.com'),
(1805, '2023-12-31', 'Ücretli', 'Okan Çınar', 188, 'op1234@ornek.com'),
(1806, '2023-12-31', 'Ücretli', 'Nisan Karakaş', 189, 'wl1234@ornek.com'),
(1807, '2023-12-31', 'Ücretli', 'Alp Gürkan', 190, 'df1234@ornek.com'),
(1808, '2023-12-31', 'Ücretli', 'Ezgi Arıkan', 191, 'mn1234@ornek.com'),
(1809, '2023-12-31', 'Ücretli', 'Umut Şener', 192, 'fm1234@ornek.com'),
(1810, '2023-12-31', 'Ücretli', 'Beyza Aydın', 193, 'fe1234@ornek.com'),
(1811, '2023-12-31', 'Ücretli', 'Tolga Koç', 194, 'mu1234@ornek.com'),
(1812, '2023-12-31', 'Ücretli', 'Melike Kılıç', 195, 'pd1234@ornek.com'),
(1813, '2023-12-31', 'Ücretli', 'Cihan Türk', 196, 'cs1234@ornek.com'),
(1814, '2023-12-31', 'Ücretli', 'Sude Aydın', 197, 'ym1234@ornek.com'),
(1815, '2023-12-31', 'Ücretli', 'Ege Koç', 198, 'ox1234@ornek.com'),
(1816, '2023-12-31', 'Ücretli', 'Zeynep Şahin', 199, 'ge1234@ornek.com'),
(1817, '2023-12-31', 'Ücretli', 'Burak Yılmaz', 200, 'rk1234@ornek.com'),
(1818, '2023-12-31', 'Ücretli', 'Ahmet Yılmaz', 1, 'ig1234@ornek.com'),
(1819, '2023-12-31', 'Ücretli', 'Mehmet Öztürk', 2, 'pd1234@ornek.com'),
(1820, '2023-12-31', 'Ücretli', 'Ayşe Demir', 3, 'ed1234@ornek.com'),
(1821, '2023-12-31', 'Ücretli', 'Fatma Kaya', 4, 've1234@ornek.com'),
(1822, '2023-12-31', 'Ücretli', 'Mustafa Toprak', 5, 'sy1234@ornek.com'),
(1823, '2023-12-31', 'Ücretli', 'Zehra Yıldırım', 6, 'cq1234@ornek.com'),
(1824, '2023-12-31', 'Ücretli', 'Ahmet Yıldız', 7, 'dm1234@ornek.com'),
(1825, '2023-12-31', 'Ücretli', 'Elif Arslan', 8, 'jf1234@ornek.com'),
(1826, '2023-12-31', 'Ücretli', 'Oğuz Yılmaz', 9, 'hl1234@ornek.com'),
(1827, '2023-12-31', 'Ücretli', 'Gizem Taş', 10, 'kb1234@ornek.com'),
(1828, '2023-12-31', 'Ücretli', 'Yusuf Güneş', 11, 'lm1234@ornek.com'),
(1829, '2023-12-31', 'Ücretli', 'Dilara Tekin', 12, 'ie1234@ornek.com'),
(1830, '2023-12-31', 'Ücretli', 'Eren Çetin', 13, 'sc1234@ornek.com'),
(1831, '2023-12-31', 'Ücretli', 'Ceren Demirci', 14, 'ai1234@ornek.com'),
(1832, '2023-12-31', 'Ücretli', 'Berfin Korkmaz', 15, 'ru1234@ornek.com'),
(1833, '2023-12-31', 'Ücretli', 'Murat Kaya', 16, 'it1234@ornek.com'),
(1834, '2023-12-31', 'Ücretli', 'Zeki Şahin', 17, 'vv1234@ornek.com'),
(1835, '2023-12-31', 'Ücretli', 'Ezgi Gürbüz', 18, 'ht1234@ornek.com'),
(1836, '2023-12-31', 'Ücretli', 'Gül Yıldız', 19, 'va1234@ornek.com'),
(1837, '2023-12-31', 'Ücretli', 'Umut Aktaş', 20, 'vn1234@ornek.com'),
(1838, '2023-12-31', 'Ücretli', 'Berk Gün', 21, 'cx1234@ornek.com'),
(1839, '2023-12-31', 'Ücretli', 'Nisa Çelik', 22, 'pm1234@ornek.com'),
(1840, '2023-12-31', 'Ücretli', 'Ali Yılmaz', 23, 'ax1234@ornek.com'),
(1841, '2023-12-31', 'Ücretli', 'Deniz Karahan', 24, 'ml1234@ornek.com'),
(1842, '2023-12-31', 'Ücretli', 'Elanur Kılıç', 25, 'ok1234@ornek.com'),
(1843, '2023-12-31', 'Ücretli', 'Ege Özdemir', 26, 'mj1234@ornek.com'),
(1844, '2023-12-31', 'Ücretli', 'Ayaz Arıkan', 27, 'ou1234@ornek.com'),
(1845, '2023-12-31', 'Ücretli', 'Zara Yıldız', 28, 'zf1234@ornek.com'),
(1846, '2023-12-31', 'Ücretli', 'Aslı Erdoğan', 29, 'gh1234@ornek.com'),
(1847, '2023-12-31', 'Ücretli', 'Can Güzel', 30, 'zp1234@ornek.com'),
(1848, '2023-12-31', 'Ücretli', 'Ekin Tuncer', 31, 'co1234@ornek.com'),
(1849, '2023-12-31', 'Ücretli', 'Ece Erkan', 32, 'rz1234@ornek.com'),
(1850, '2023-12-31', 'Ücretli', 'Mert Aydın', 33, 'tw1234@ornek.com'),
(1851, '2023-12-31', 'Ücretli', 'Defne Karadeniz', 34, 'fl1234@ornek.com'),
(1852, '2023-12-31', 'Ücretli', 'Okan Kılıç', 35, 'dm1234@ornek.com'),
(1853, '2023-12-31', 'Ücretli', 'İrem Yılmaz', 36, 'xj1234@ornek.com'),
(1854, '2023-12-31', 'Ücretli', 'Furkan Güneş', 37, 'gb1234@ornek.com'),
(1855, '2023-12-31', 'Ücretli', 'Selma Akyol', 38, 'ls1234@ornek.com'),
(1856, '2023-12-31', 'Ücretli', 'Onur Aydın', 39, 'sb1234@ornek.com'),
(1857, '2023-12-31', 'Ücretli', 'Selin Ateş', 40, 'nf1234@ornek.com'),
(1858, '2023-12-31', 'Ücretli', 'Yasir Can', 41, 'qw1234@ornek.com'),
(1859, '2023-12-31', 'Ücretli', 'Şeyma Arslan', 42, 'vt1234@ornek.com'),
(1860, '2023-12-31', 'Ücretli', 'Emir Yıldırım', 43, 'uk1234@ornek.com'),
(1861, '2023-12-31', 'Ücretli', 'İlayda Ay', 44, 'nb1234@ornek.com'),
(1862, '2023-12-31', 'Ücretli', 'Yavuz Tuncer', 45, 'dr1234@ornek.com'),
(1863, '2023-12-31', 'Ücretli', 'Sude Yılmaz', 46, 'fw1234@ornek.com'),
(1864, '2023-12-31', 'Ücretli', 'Serkan Kaya', 47, 'di1234@ornek.com'),
(1865, '2023-12-31', 'Ücretli', 'Esra Yılmaz', 48, 'rl1234@ornek.com'),
(1866, '2023-12-31', 'Ücretli', 'Emine Arıkan', 49, 'ys1234@ornek.com'),
(1867, '2023-12-31', 'Ücretli', 'Eray Yıldırım', 50, 'fy1234@ornek.com'),
(1868, '2023-12-31', 'Ücretli', 'Gabriel Russo', 51, 'zm1234@ornek.com'),
(1869, '2023-12-31', 'Ücretli', 'Alessia Rizzo', 52, 'uq1234@ornek.com'),
(1870, '2023-12-31', 'Ücretli', 'Mateo Fernandez', 53, 'dg1234@ornek.com'),
(1871, '2023-12-31', 'Ücretli', 'Olivia Moretti', 54, 'oe1234@ornek.com'),
(1872, '2023-12-31', 'Ücretli', 'Benjamin Santoro', 55, 'fq1234@ornek.com'),
(1873, '2023-12-31', 'Ücretli', 'Elena Rossi', 56, 'po1234@ornek.com'),
(1874, '2023-12-31', 'Ücretli', 'Miguel Hernandez', 57, 'bi1234@ornek.com'),
(1875, '2023-12-31', 'Ücretli', 'Sophie Martin', 58, 'vo1234@ornek.com'),
(1876, '2023-12-31', 'Ücretli', 'Leo Costa', 59, 'hu1234@ornek.com'),
(1877, '2023-12-31', 'Ücretli', 'Emma Colombo', 60, 'jl1234@ornek.com'),
(1878, '2023-12-31', 'Ücretli', 'Lucas De Luca', 61, 'rj1234@ornek.com'),
(1879, '2023-12-31', 'Ücretli', 'Isabella Ferrari', 62, 'xh1234@ornek.com'),
(1880, '2023-12-31', 'Ücretli', 'Nicolas Bellini', 63, 'eb1234@ornek.com'),
(1881, '2023-12-31', 'Ücretli', 'Luna Ricci', 64, 'rd1234@ornek.com'),
(1882, '2023-12-31', 'Ücretli', 'Oliver Ricciardi', 70, 'zp1234@ornek.com'),
(1883, '2023-12-31', 'Ücretli', 'Liam Greco', 71, 'yz1234@ornek.com'),
(1884, '2023-12-31', 'Ücretli', 'Emma Lombardi', 72, 'ks1234@ornek.com'),
(1885, '2023-12-31', 'Ücretli', 'Mia Romano', 73, 'dh1234@ornek.com'),
(1886, '2023-12-31', 'Ücretli', 'Ethan Messina', 74, 'nj1234@ornek.com'),
(1887, '2023-12-31', 'Ücretli', 'Ava Martini', 75, 'gj1234@ornek.com'),
(1888, '2023-12-31', 'Ücretli', 'Lucas Bruno', 76, 'th1234@ornek.com'),
(1889, '2023-12-31', 'Ücretli', 'Sophie Rinaldi', 77, 'yj1234@ornek.com'),
(1890, '2023-12-31', 'Ücretli', 'Liam Marchetti', 78, 'fl1234@ornek.com'),
(1891, '2023-12-31', 'Ücretli', 'Oliver Santoro', 79, 'xr1234@ornek.com'),
(1892, '2023-12-31', 'Ücretli', 'Ava Vitale', 80, 'fb1234@ornek.com'),
(1893, '2023-12-31', 'Ücretli', 'Nicole Bianco', 81, 'bi1234@ornek.com'),
(1894, '2023-12-31', 'Ücretli', 'Lucas Ferrari', 82, 'pj1234@ornek.com'),
(1895, '2023-12-31', 'Ücretli', 'Eva De Rosa', 83, 'oj1234@ornek.com'),
(1896, '2023-12-31', 'Ücretli', 'Gabriel Conti', 84, 'ku1234@ornek.com'),
(1897, '2023-12-31', 'Ücretli', 'Sophia Vitale', 85, 'kr1234@ornek.com'),
(1898, '2023-12-31', 'Ücretli', 'Aiden Caruso', 86, 'jy1234@ornek.com'),
(1899, '2023-12-31', 'Ücretli', 'Isabella Russo', 87, 'nn1234@ornek.com'),
(1900, '2023-12-31', 'Ücretli', 'Leo Bellini', 88, 'va1234@ornek.com'),
(1901, '2023-12-31', 'Ücretli', 'Emma Moretti', 89, 'gx1234@ornek.com'),
(1902, '2023-12-31', 'Ücretli', 'Lucas Amato', 90, 'id1234@ornek.com'),
(1903, '2023-12-31', 'Ücretli', 'Ava Costa', 91, 'zy1234@ornek.com'),
(1904, '2023-12-31', 'Ücretli', 'Mia Sorrentino', 92, 'id1234@ornek.com'),
(1905, '2023-12-31', 'Ücretli', 'Noah Mancini', 93, 'qm1234@ornek.com'),
(1906, '2023-12-31', 'Ücretli', 'Selim Yılmaz', 94, 'lc1234@ornek.com'),
(1907, '2023-12-31', 'Ücretli', 'Deniz Şahin', 95, 'fr1234@ornek.com'),
(1908, '2023-12-31', 'Öğrenci', 'Ali Yılmaz', 1, 'jf1234@ornek.com'),
(1909, '2023-12-31', 'Ücretli', 'Elif Çelik', 96, 'cy1234@ornek.com'),
(1910, '2023-12-31', 'İndirimli', 'Ayşe Demir', 2, 'xy1234@ornek.com'),
(1911, '2023-12-31', 'Ücretli', 'Cem Arslan', 97, 'dv1234@ornek.com'),
(1912, '2023-12-31', 'Öğrenci', 'Mehmet Kaya', 3, 'xs1234@ornek.com'),
(1913, '2023-12-31', 'Ücretli', 'Ege Kaya', 98, 'ig1234@ornek.com'),
(1914, '2023-12-31', 'İndirimli', 'Zeynep Çelik', 4, 'cx1234@ornek.com'),
(1915, '2023-12-31', 'Ücretli', 'Beyza Aksoy', 99, 'oz1234@ornek.com'),
(1916, '2023-12-31', 'Öğrenci', 'Mustafa Arslan', 5, 'oy1234@ornek.com'),
(1917, '2023-12-31', 'Ücretli', 'Ozan Yıldız', 100, 'ri1234@ornek.com'),
(1918, '2023-12-31', 'İndirimli', 'Elif Yıldız', 6, 'xe1234@ornek.com'),
(1919, '2023-12-31', 'Ücretli', 'Selin Güneş', 101, 'ds1234@ornek.com'),
(1920, '2023-12-31', 'Öğrenci', 'Emir Koç', 7, 'uw1234@ornek.com'),
(1921, '2023-12-31', 'Ücretli', 'Kerem Demir', 102, 'gk1234@ornek.com'),
(1922, '2023-12-31', 'İndirimli', 'Ceren Şahin', 8, 'vp1234@ornek.com'),
(1923, '2023-12-31', 'Ücretli', 'Nazlı Çetin', 103, 'gh1234@ornek.com'),
(1924, '2023-12-31', 'Öğrenci', 'Efe Aydın', 9, 'dm1234@ornek.com'),
(1925, '2023-12-31', 'Ücretli', 'Mert Karadeniz', 104, 'sm1234@ornek.com'),
(1926, '2023-12-31', 'İndirimli', 'Zara Erdoğan', 10, 'ja1234@ornek.com'),
(1927, '2023-12-31', 'Ücretli', 'Aslı Akça', 105, 'yx1234@ornek.com'),
(1928, '2023-12-31', 'Öğrenci', 'Ahmet Aksoy', 11, 'ub1234@ornek.com'),
(1929, '2023-12-31', 'Ücretli', 'Emir Aydın', 106, 'vy1234@ornek.com'),
(1930, '2023-12-31', 'İndirimli', 'Gizem Çınar', 12, 'up1234@ornek.com'),
(1931, '2023-12-31', 'Ücretli', 'Nisan Türk', 107, 'eo1234@ornek.com'),
(1932, '2023-12-31', 'Öğrenci', 'Umut Doğan', 13, 'qe1234@ornek.com'),
(1933, '2023-12-31', 'Ücretli', 'Can Erdoğan', 108, 'wk1234@ornek.com'),
(1934, '2023-12-31', 'İndirimli', 'Sevgi Ekinci', 14, 'aj1234@ornek.com'),
(1935, '2023-12-31', 'Ücretli', 'Aylin Ateş', 109, 'cb1234@ornek.com'),
(1936, '2023-12-31', 'Öğrenci', 'Kerem Gür', 15, 'sk1234@ornek.com'),
(1937, '2023-12-31', 'Ücretli', 'Okan Kılıç', 110, 'ss1234@ornek.com'),
(1938, '2023-12-31', 'İndirimli', 'Selin Hacıoğlu', 16, 'mg1234@ornek.com'),
(1939, '2023-12-31', 'Ücretli', 'Cemre Doğan', 111, 'yl1234@ornek.com'),
(1940, '2023-12-31', 'Öğrenci', 'Berk İlhan', 17, 'vd1234@ornek.com'),
(1941, '2023-12-31', 'Ücretli', 'Efe Öztürk', 112, 'os1234@ornek.com'),
(1942, '2023-12-31', 'İndirimli', 'Cansu Karahan', 18, 'qe1234@ornek.com'),
(1943, '2023-12-31', 'Ücretli', 'Melis Yüksel', 113, 'iv1234@ornek.com'),
(1944, '2023-12-31', 'Öğrenci', 'Deniz Karakaş', 19, 'it1234@ornek.com'),
(1945, '2023-12-31', 'Ücretli', 'Arda Özdemir', 114, 'hg1234@ornek.com'),
(1946, '2023-12-31', 'İndirimli', 'Elif Kaya', 20, 'zk1234@ornek.com'),
(1947, '2023-12-31', 'Ücretli', 'Ayşe Yalçın', 115, 'ac1234@ornek.com'),
(1948, '2023-12-31', 'Öğrenci', 'Furkan Köse', 21, 'rl1234@ornek.com'),
(1949, '2023-12-31', 'Ücretli', 'Can Kaya', 116, 'is1234@ornek.com'),
(1950, '2023-12-31', 'İndirimli', 'Gülhan Mutlu', 22, 'xw1234@ornek.com'),
(1951, '2023-12-31', 'Ücretli', 'Yasin Akın', 117, 'sy1234@ornek.com'),
(1952, '2023-12-31', 'Öğrenci', 'Hüseyin Onat', 23, 'ee1234@ornek.com'),
(1953, '2023-12-31', 'Ücretli', 'Zara Şener', 118, 'vn1234@ornek.com'),
(1954, '2023-12-31', 'İndirimli', 'İrem Orhan', 24, 'yw1234@ornek.com'),
(1955, '2023-12-31', 'Ücretli', 'Ela Çiçek', 119, 'xg1234@ornek.com'),
(1956, '2023-12-31', 'Öğrenci', 'Jale Pekgöz', 25, 'bp1234@ornek.com'),
(1957, '2023-12-31', 'Ücretli', 'Kaan Demirtaş', 120, 'dy1234@ornek.com'),
(1958, '2023-12-31', 'İndirimli', 'Kadir Sağlam', 26, 'qo1234@ornek.com'),
(1959, '2023-12-31', 'Ücretli', 'Cemile Ünlü', 121, 'tt1234@ornek.com'),
(1960, '2023-12-31', 'Öğrenci', 'Lale Taş', 27, 'hc1234@ornek.com'),
(1961, '2023-12-31', 'Ücretli', 'Kerem Kara', 122, 'wk1234@ornek.com'),
(1962, '2023-12-31', 'İndirimli', 'Mehmet Uzun', 28, 'rq1234@ornek.com'),
(1963, '2023-12-31', 'Ücretli', 'Ceren Özkan', 123, 'yn1234@ornek.com'),
(1964, '2023-12-31', 'Öğrenci', 'Nesrin Varlık', 29, 'dy1234@ornek.com'),
(1965, '2023-12-31', 'Ücretli', 'Deniz Uzun', 124, 'xp1234@ornek.com'),
(1966, '2023-12-31', 'İndirimli', 'Okan Yıldırım', 30, 'yr1234@ornek.com'),
(1967, '2023-12-31', 'Ücretli', 'Emirhan Çetinkaya', 125, 'bt1234@ornek.com'),
(1968, '2023-12-31', 'Öğrenci', 'Pelin Yılmaz', 31, 'lq1234@ornek.com'),
(1969, '2023-12-31', 'Ücretli', 'Esra Yılmaz', 126, 'uf1234@ornek.com'),
(1970, '2023-12-31', 'İndirimli', 'Rüzgar Akın', 32, 'do1234@ornek.com'),
(1971, '2023-12-31', 'Ücretli', 'İrem Koç', 127, 'ou1234@ornek.com'),
(1972, '2023-12-31', 'Öğrenci', 'Simge Bilgin', 33, 'tg1234@ornek.com'),
(1973, '2023-12-31', 'Ücretli', 'Yunus Aktaş', 128, 'lb1234@ornek.com'),
(1974, '2023-12-31', 'İndirimli', 'Tarık Coşkun', 34, 'ew1234@ornek.com'),
(1975, '2023-12-31', 'Ücretli', 'Elif Şahin', 129, 'gr1234@ornek.com'),
(1976, '2023-12-31', 'Öğrenci', 'Ümit Demirtaş', 35, 'rv1234@ornek.com'),
(1977, '2023-12-31', 'Ücretli', 'Burak Yıldız', 130, 'bk1234@ornek.com'),
(1978, '2023-12-31', 'İndirimli', 'Vildan Ekinci', 36, 'ie1234@ornek.com'),
(1979, '2023-12-31', 'Ücretli', 'Aslıhan Türkoğlu', 131, 'iw1234@ornek.com'),
(1980, '2023-12-31', 'Öğrenci', 'Yiğit Fidan', 37, 'jm1234@ornek.com'),
(1981, '2023-12-31', 'Ücretli', 'Sefa Akman', 132, 'et1234@ornek.com'),
(1982, '2023-12-31', 'İndirimli', 'Zarife Gürbüz', 38, 'bi1234@ornek.com'),
(1983, '2023-12-31', 'Ücretli', 'Eylül Karakaş', 133, 'pw1234@ornek.com'),
(1984, '2023-12-31', 'Öğrenci', 'Adnan Halit', 39, 'qq1234@ornek.com'),
(1985, '2023-12-31', 'Ücretli', 'Efe Gürsoy', 134, 'ot1234@ornek.com'),
(1986, '2023-12-31', 'İndirimli', 'Begüm Işıklı', 40, 'nu1234@ornek.com'),
(1987, '2023-12-31', 'Ücretli', 'Selin Şentürk', 135, 'sa1234@ornek.com'),
(1988, '2023-12-31', 'Öğrenci', 'Cihan Jalal', 41, 'hj1234@ornek.com'),
(1989, '2023-12-31', 'Ücretli', 'Bora Arslan', 136, 'lm1234@ornek.com'),
(1990, '2023-12-31', 'İndirimli', 'Dilek Kara', 42, 'wj1234@ornek.com'),
(1991, '2023-12-31', 'Ücretli', 'Aylin Çınar', 137, 'ib1234@ornek.com'),
(1992, '2023-12-31', 'Öğrenci', 'Emre Kaya', 43, 'vo1234@ornek.com'),
(1993, '2023-12-31', 'Ücretli', 'Okan Koç', 138, 'kd1234@ornek.com'),
(1994, '2023-12-31', 'İndirimli', 'Fatma Kurt', 44, 'jm1234@ornek.com'),
(1995, '2023-12-31', 'Ücretli', 'Nisan Aydın', 139, 'fe1234@ornek.com'),
(1996, '2023-12-31', 'Öğrenci', 'Gazi Mutlu', 45, 'ky1234@ornek.com'),
(1997, '2023-12-31', 'Ücretli', 'Alp Avcı', 140, 'od1234@ornek.com'),
(1998, '2023-12-31', 'İndirimli', 'Hande Orhan', 46, 'fc1234@ornek.com'),
(1999, '2023-12-31', 'Ücretli', 'Ezgi Kılıç', 141, 'iu1234@ornek.com'),
(2000, '2023-12-31', 'Öğrenci', 'İlker Oğuz', 47, 'bp1234@ornek.com'),
(2001, '2023-12-12', 'İndirimli', 'Mustafa', 3, 'tc1234@ornek.com'),
(2002, '2023-12-31', 'Öğrenci', 'Ali Yılmaz', 1, 'kh1234@ornek.com'),
(2003, '2023-12-31', 'İndirimli', 'Ayşe Demir', 2, 'hs1234@ornek.com'),
(2004, '2023-12-31', 'Öğrenci', 'Mehmet Kaya', 3, 'pv1234@ornek.com'),
(2005, '2023-12-31', 'İndirimli', 'Zeynep Çelik', 4, 'vl1234@ornek.com'),
(2006, '2023-12-31', 'Öğrenci', 'Mustafa Arslan', 5, 'cl1234@ornek.com'),
(2007, '2023-12-31', 'İndirimli', 'Elif Yıldız', 6, 'yi1234@ornek.com'),
(2008, '2023-12-31', 'Öğrenci', 'Emir Koç', 7, 'ea1234@ornek.com'),
(2009, '2023-12-31', 'İndirimli', 'Ceren Şahin', 8, 'lu1234@ornek.com'),
(2010, '2023-12-31', 'Öğrenci', 'Efe Aydın', 9, 'dn1234@ornek.com'),
(2011, '2023-12-31', 'İndirimli', 'Zara Erdoğan', 10, 'el1234@ornek.com'),
(2012, '2023-12-31', 'Öğrenci', 'Ahmet Aksoy', 11, 'wo1234@ornek.com'),
(2013, '2023-12-31', 'İndirimli', 'Gizem Çınar', 12, 'wd1234@ornek.com'),
(2014, '2023-12-31', 'Öğrenci', 'Umut Doğan', 13, 'ke1234@ornek.com'),
(2015, '2023-12-31', 'İndirimli', 'Sevgi Ekinci', 14, 'kh1234@ornek.com'),
(2016, '2023-12-31', 'Öğrenci', 'Kerem Gür', 15, 'wb1234@ornek.com'),
(2017, '2023-12-31', 'İndirimli', 'Selin Hacıoğlu', 16, 'og1234@ornek.com'),
(2018, '2023-12-31', 'Öğrenci', 'Berk İlhan', 17, 'bn1234@ornek.com'),
(2019, '2023-12-31', 'İndirimli', 'Cansu Karahan', 18, 'bs1234@ornek.com'),
(2020, '2023-12-31', 'Öğrenci', 'Deniz Karakaş', 19, 'nr1234@ornek.com'),
(2021, '2023-12-31', 'İndirimli', 'Elif Kaya', 20, 'cw1234@ornek.com'),
(2022, '2023-12-31', 'Öğrenci', 'Furkan Köse', 21, 'yn1234@ornek.com'),
(2023, '2023-12-31', 'İndirimli', 'Gülhan Mutlu', 22, 'cf1234@ornek.com'),
(2024, '2023-12-31', 'Öğrenci', 'Hüseyin Onat', 23, 'zv1234@ornek.com'),
(2025, '2023-12-31', 'İndirimli', 'İrem Orhan', 24, 'ls1234@ornek.com'),
(2026, '2023-12-31', 'Öğrenci', 'Jale Pekgöz', 25, 'se1234@ornek.com'),
(2027, '2023-12-31', 'İndirimli', 'Kadir Sağlam', 26, 'qg1234@ornek.com'),
(2028, '2023-12-31', 'Öğrenci', 'Lale Taş', 27, 'dl1234@ornek.com'),
(2029, '2023-12-31', 'İndirimli', 'Mehmet Uzun', 28, 'tk1234@ornek.com'),
(2030, '2023-12-31', 'Öğrenci', 'Nesrin Varlık', 29, 'jq1234@ornek.com'),
(2031, '2023-12-31', 'İndirimli', 'Okan Yıldırım', 30, 'qw1234@ornek.com'),
(2032, '2023-12-31', 'Öğrenci', 'Pelin Yılmaz', 31, 'bq1234@ornek.com'),
(2033, '2023-12-31', 'İndirimli', 'Rüzgar Akın', 32, 'wo1234@ornek.com'),
(2034, '2023-12-31', 'Öğrenci', 'Simge Bilgin', 33, 'gr1234@ornek.com'),
(2035, '2023-12-31', 'İndirimli', 'Tarık Coşkun', 34, 'in1234@ornek.com'),
(2036, '2023-12-31', 'Öğrenci', 'Ümit Demirtaş', 35, 'aw1234@ornek.com'),
(2037, '2023-12-31', 'İndirimli', 'Vildan Ekinci', 36, 'ks1234@ornek.com'),
(2038, '2023-12-31', 'Öğrenci', 'Yiğit Fidan', 37, 'sm1234@ornek.com'),
(2039, '2023-12-31', 'İndirimli', 'Zarife Gürbüz', 38, 'yw1234@ornek.com'),
(2040, '2023-12-31', 'Öğrenci', 'Adnan Halit', 39, 'an1234@ornek.com'),
(2041, '2023-12-31', 'İndirimli', 'Begüm Işıklı', 40, 'ct1234@ornek.com'),
(2042, '2023-12-31', 'Öğrenci', 'Cihan Jalal', 41, 'ji1234@ornek.com'),
(2043, '2023-12-31', 'İndirimli', 'Dilek Kara', 42, 'ru1234@ornek.com'),
(2044, '2023-12-31', 'Öğrenci', 'Emre Kaya', 43, 'dz1234@ornek.com'),
(2045, '2023-12-31', 'İndirimli', 'Fatma Kurt', 44, 'qs1234@ornek.com'),
(2046, '2023-12-31', 'Öğrenci', 'Gazi Mutlu', 45, 'cj1234@ornek.com'),
(2047, '2023-12-31', 'İndirimli', 'Hande Orhan', 46, 'ev1234@ornek.com'),
(2048, '2023-12-31', 'Öğrenci', 'İlker Oğuz', 47, 'gy1234@ornek.com'),
(2049, '2023-12-31', 'İndirimli', 'Jülide Pala', 48, 'hk1234@ornek.com'),
(2050, '2023-12-31', 'Öğrenci', 'Kaan Sabır', 49, 'ih1234@ornek.com'),
(2051, '2023-12-31', 'İndirimli', 'Leyla Taş', 50, 'ih1234@ornek.com'),
(2052, '2023-12-31', 'Öğrenci', 'Murat Can', 51, 'ok1234@ornek.com'),
(2053, '2023-12-31', 'İndirimli', 'Zehra Nur', 52, 'gi1234@ornek.com'),
(2054, '2023-12-31', 'Öğrenci', 'Emin Korkmaz', 53, 'mu1234@ornek.com'),
(2055, '2023-12-31', 'İndirimli', 'Gülizar Yılmaz', 54, 'cw1234@ornek.com'),
(2056, '2023-12-31', 'Öğrenci', 'Oktay Çakır', 55, 'qi1234@ornek.com'),
(2057, '2023-12-31', 'İndirimli', 'Meltem Arslan', 56, 'qa1234@ornek.com'),
(2058, '2023-12-31', 'Öğrenci', 'Yasin Aydın', 57, 'pq1234@ornek.com'),
(2059, '2023-12-31', 'İndirimli', 'Selma Aksoy', 58, 'kn1234@ornek.com'),
(2060, '2023-12-31', 'Öğrenci', 'Beril Kaya', 59, 'wx1234@ornek.com'),
(2061, '2023-12-31', 'İndirimli', 'Ferit Demir', 60, 'zc1234@ornek.com'),
(2062, '2023-12-31', 'Öğrenci', 'Esra Yıldız', 61, 'ic1234@ornek.com'),
(2063, '2023-12-31', 'İndirimli', 'Engin Çelik', 62, 'zp1234@ornek.com'),
(2064, '2023-12-31', 'Öğrenci', 'Sena Arslan', 63, 'bi1234@ornek.com'),
(2065, '2023-12-31', 'İndirimli', 'Ege Yıldız', 64, 'qo1234@ornek.com'),
(2066, '2023-12-31', 'Öğrenci', 'Melis Gür', 65, 'ey1234@ornek.com'),
(2067, '2023-12-31', 'İndirimli', 'Yunus Emre', 66, 'hu1234@ornek.com'),
(2068, '2023-12-31', 'Öğrenci', 'Selin Mutlu', 67, 'xk1234@ornek.com'),
(2069, '2023-12-31', 'İndirimli', 'Mert Koç', 68, 'ho1234@ornek.com'),
(2070, '2023-12-31', 'Öğrenci', 'İrem Ekinci', 69, 'dt1234@ornek.com'),
(2071, '2023-12-31', 'İndirimli', 'Kerem Şahin', 70, 'xh1234@ornek.com'),
(2072, '2023-12-31', 'Öğrenci', 'Aslı İlhan', 71, 'mk1234@ornek.com'),
(2073, '2023-12-31', 'İndirimli', 'Burak Çınar', 72, 'oc1234@ornek.com'),
(2074, '2023-12-31', 'Öğrenci', 'Ezgi Akın', 73, 'pq1234@ornek.com'),
(2075, '2023-12-31', 'İndirimli', 'Umut Koç', 74, 'ls1234@ornek.com'),
(2076, '2023-12-31', 'Öğrenci', 'Merve Yılmaz', 75, 'du1234@ornek.com'),
(2077, '2023-12-31', 'İndirimli', 'Emre Yıldırım', 76, 'vf1234@ornek.com'),
(2078, '2023-12-31', 'Öğrenci', 'Zeynep Arslan', 77, 'hp1234@ornek.com'),
(2079, '2023-12-31', 'İndirimli', 'Ali Yıldırım', 78, 'yl1234@ornek.com'),
(2080, '2023-12-31', 'Öğrenci', 'Gizem Kaya', 79, 'sy1234@ornek.com'),
(2081, '2023-12-31', 'İndirimli', 'Ufuk Yılmaz', 80, 'os1234@ornek.com'),
(2082, '2023-12-31', 'Öğrenci', 'Şebnem Demir', 81, 'nv1234@ornek.com'),
(2083, '2023-12-31', 'İndirimli', 'Erhan Taş', 82, 'jb1234@ornek.com'),
(2084, '2023-12-31', 'Öğrenci', 'Zeynep Işıklı', 83, 'um1234@ornek.com'),
(2085, '2023-12-31', 'İndirimli', 'Yavuz Onat', 84, 'ct1234@ornek.com'),
(2086, '2023-12-31', 'Öğrenci', 'Nisa Oğuz', 85, 'st1234@ornek.com'),
(2087, '2023-12-31', 'İndirimli', 'Orhan Pekgöz', 86, 'dn1234@ornek.com'),
(2088, '2023-12-31', 'Öğrenci', 'Sedef Gürbüz', 87, 'lr1234@ornek.com'),
(2089, '2023-12-31', 'İndirimli', 'Özge Halit', 88, 'jn1234@ornek.com'),
(2090, '2023-12-31', 'Öğrenci', 'Tolga Jalal', 89, 'll1234@ornek.com'),
(2091, '2023-12-31', 'İndirimli', 'Buse Kara', 90, 'pq1234@ornek.com'),
(2092, '2023-12-31', 'Öğrenci', 'Burak Işıklı', 91, 'yr1234@ornek.com'),
(2093, '2023-12-31', 'İndirimli', 'Meral Sabır', 92, 'ui1234@ornek.com'),
(2094, '2023-12-31', 'Öğrenci', 'Furkan Yılmaz', 93, 'ct1234@ornek.com'),
(2095, '2023-12-31', 'İndirimli', 'Esma Kaya', 94, 'ej1234@ornek.com'),
(2096, '2023-12-31', 'Öğrenci', 'Deniz Aksoy', 95, 'xj1234@ornek.com'),
(2097, '2023-12-31', 'İndirimli', 'Yiğit Çelik', 96, 'jm1234@ornek.com'),
(2098, '2023-12-31', 'Öğrenci', 'Ayşe Arslan', 97, 'jt1234@ornek.com'),
(2099, '2023-12-31', 'İndirimli', 'Can Koç', 98, 'ga1234@ornek.com'),
(2100, '2023-12-31', 'Öğrenci', 'Selin Şahin', 99, 'bw1234@ornek.com'),
(2101, '2023-12-31', 'İndirimli', 'Kerem Ekinci', 100, 'es1234@ornek.com'),
(2102, '2023-12-31', 'Öğrenci', 'Melis Kaya', 101, 'ep1234@ornek.com'),
(2103, '2023-12-31', 'İndirimli', 'Yasin Ekinci', 102, 'qs1234@ornek.com'),
(2104, '2023-12-31', 'Öğrenci', 'Duygu Yıldız', 103, 'me1234@ornek.com'),
(2105, '2023-12-31', 'İndirimli', 'Cemal Demir', 104, 'ps1234@ornek.com'),
(2106, '2023-12-31', 'Öğrenci', 'Şeyda Arslan', 105, 'eg1234@ornek.com'),
(2107, '2023-12-31', 'İndirimli', 'Ahmet Yılmaz', 106, 'vd1234@ornek.com'),
(2108, '2023-12-31', 'Öğrenci', 'Sude Koç', 107, 'ou1234@ornek.com'),
(2109, '2023-12-31', 'İndirimli', 'Tolga Yıldırım', 108, 'tl1234@ornek.com'),
(2110, '2023-12-31', 'Öğrenci', 'Sevim Taş', 109, 'ja1234@ornek.com'),
(2111, '2023-12-31', 'İndirimli', 'Burak Şahin', 110, 'su1234@ornek.com'),
(2112, '2023-12-31', 'Öğrenci', 'Selin Ekinci', 111, 'xx1234@ornek.com'),
(2113, '2023-12-31', 'İndirimli', 'Mehmet Yıldız', 112, 'of1234@ornek.com'),
(2114, '2023-12-31', 'Öğrenci', 'Elif Akın', 113, 'wo1234@ornek.com'),
(2115, '2023-12-31', 'İndirimli', 'Umut Çınar', 114, 'dc1234@ornek.com'),
(2116, '2023-12-31', 'Öğrenci', 'Esra Demir', 115, 'tv1234@ornek.com'),
(2117, '2023-12-31', 'İndirimli', 'Efe Şahin', 116, 'jx1234@ornek.com'),
(2118, '2023-12-31', 'Öğrenci', 'Dilara Arslan', 117, 'po1234@ornek.com'),
(2119, '2023-12-31', 'İndirimli', 'Emre Yılmaz', 118, 'oq1234@ornek.com'),
(2120, '2023-12-31', 'Öğrenci', 'İpek Aksoy', 119, 'xv1234@ornek.com'),
(2121, '2023-12-31', 'İndirimli', 'Ege Öz', 120, 'yi1234@ornek.com'),
(2122, '2023-12-31', 'Öğrenci', 'Şeyma Çelik', 121, 'jv1234@ornek.com'),
(2123, '2023-12-31', 'İndirimli', 'Can Yılmaz', 122, 'tr1234@ornek.com'),
(2124, '2023-12-31', 'Öğrenci', 'Selin Ekinci', 123, 'dp1234@ornek.com'),
(2125, '2023-12-31', 'İndirimli', 'Ege Yıldırım', 124, 'dx1234@ornek.com'),
(2126, '2023-12-31', 'Öğrenci', 'Selin Demir', 125, 'ia1234@ornek.com'),
(2127, '2023-12-31', 'İndirimli', 'Okan Yıldırım', 126, 'ga1234@ornek.com'),
(2128, '2023-12-31', 'Öğrenci', 'Begüm Kaya', 127, 'pb1234@ornek.com'),
(2129, '2023-12-31', 'İndirimli', 'Emre Koç', 128, 'pa1234@ornek.com'),
(2130, '2023-12-31', 'Öğrenci', 'Elif Yılmaz', 129, 'ak1234@ornek.com'),
(2131, '2023-12-31', 'İndirimli', 'Ahmet Ekinci', 130, 'en1234@ornek.com'),
(2132, '2023-12-31', 'Öğrenci', 'Melis Taş', 131, 'uu1234@ornek.com'),
(2133, '2023-12-31', 'İndirimli', 'Eren Arslan', 132, 'bb1234@ornek.com'),
(2134, '2023-12-31', 'Öğrenci', 'Cemre Ekinci', 133, 'lw1234@ornek.com'),
(2135, '2023-12-31', 'İndirimli', 'Yunus Yıldırım', 134, 'tq1234@ornek.com'),
(2136, '2023-12-31', 'Öğrenci', 'Sude Şahin', 135, 'jf1234@ornek.com'),
(2137, '2023-12-31', 'İndirimli', 'Mert Koç', 136, 'wu1234@ornek.com'),
(2138, '2023-12-31', 'Öğrenci', 'Nazlı Yıldız', 137, 'lz1234@ornek.com'),
(2139, '2023-12-31', 'İndirimli', 'Emir Yılmaz', 138, 'le1234@ornek.com'),
(2140, '2023-12-31', 'Öğrenci', 'Elif Şahin', 139, 'wz1234@ornek.com'),
(2141, '2023-12-31', 'İndirimli', 'Kaan Koç', 140, 'mo1234@ornek.com'),
(2142, '2023-12-31', 'Öğrenci', 'Büşra Yılmaz', 141, 'ch1234@ornek.com'),
(2143, '2023-12-31', 'İndirimli', 'Cem Ekinci', 142, 'mo1234@ornek.com'),
(2144, '2023-12-31', 'Öğrenci', 'Selin Arslan', 143, 'yv1234@ornek.com'),
(2145, '2023-12-31', 'İndirimli', 'Ege Koç', 144, 'yz1234@ornek.com'),
(2146, '2023-12-31', 'Öğrenci', 'Eylül Yıldız', 145, 'ab1234@ornek.com'),
(2147, '2023-12-31', 'İndirimli', 'Okan Koç', 146, 'vp1234@ornek.com'),
(2148, '2023-12-31', 'Öğrenci', 'Ezgi Şahin', 147, 'zg1234@ornek.com'),
(2149, '2023-12-31', 'İndirimli', 'Kaan Ekinci', 148, 'mr1234@ornek.com'),
(2150, '2023-12-31', 'Öğrenci', 'Büşra Arslan', 149, 'tz1234@ornek.com'),
(2151, '2023-12-31', 'İndirimli', 'Deniz Koç', 150, 'gi1234@ornek.com'),
(2152, '2023-12-01', 'Ücretli', 'Mehmet cakı', 2, 'jn1234@ornek.com'),
(2153, '2023-12-01', 'İndirimli', 'Ayşe atıcı', 3, 'fj1234@ornek.com'),
(2154, '2023-12-01', 'Öğrenci', 'Fatma alma', 4, 'wv1234@ornek.com'),
(2155, '2023-12-01', 'Ücretli', 'Mustafa yoks', 5, 'iv1234@ornek.com'),
(2156, '2023-12-01', 'İndirimli', 'Zehra atıs', 6, 'er1234@ornek.com'),
(2157, '2023-12-01', 'Öğrenci', 'Ahmet yok', 7, 'vf1234@ornek.com'),
(2158, '2023-12-01', 'Ücretli', 'Elif atıncı', 8, 'hp1234@ornek.com'),
(2159, '2023-12-01', 'İndirimli', 'Oğuz ogün', 9, 'mq1234@ornek.com'),
(2160, '2023-12-01', 'Öğrenci', 'Ali musa', 10, 'no1234@ornek.com'),
(2161, '2023-12-01', 'Ücretli', 'Yusuf akıc', 11, 'vf1234@ornek.com'),
(2162, '2023-12-01', 'İndirimli', 'Dilara dil', 12, 'tm1234@ornek.com'),
(2163, '2023-12-01', 'Öğrenci', 'Eren elma', 13, 'sn1234@ornek.com'),
(2164, '2023-12-01', 'Ücretli', 'Ceren zin', 14, 'om1234@ornek.com'),
(2165, '2023-12-01', 'İndirimli', 'Berfin kak', 15, 'es1234@ornek.com'),
(2166, '2023-12-01', 'Öğrenci', 'Murat ülker', 16, 'hd1234@ornek.com'),
(2167, '2023-12-01', 'Ücretli', 'Zeki duvar', 17, 'gd1234@ornek.com'),
(2168, '2023-12-01', 'İndirimli', 'Ezgi mola', 18, 'ww1234@ornek.com'),
(2169, '2023-12-01', 'Öğrenci', 'Gül dikensiz', 19, 'zt1234@ornek.com'),
(2170, '2023-12-01', 'Ücretli', 'Umut alma', 20, 'hr1234@ornek.com'),
(2171, '2023-12-01', 'İndirimli', 'Ömer çakan', 21, 'sw1234@ornek.com'),
(2172, '2023-12-01', 'Öğrenci', 'Ömer yok', 22, 'ny1234@ornek.com'),
(2173, '2023-12-01', 'Ücretli', 'Ali atı', 23, 'bq1234@ornek.com'),
(2174, '2023-12-01', 'İndirimli', 'Deniz ala', 24, 'ku1234@ornek.com'),
(2175, '2023-12-01', 'Öğrenci', 'Elanur belalım', 25, 'pr1234@ornek.com'),
(2176, '2023-12-01', 'Ücretli', 'Ege gider', 26, 'lt1234@ornek.com'),
(2177, '2023-12-01', 'İndirimli', 'Ayaz fakir', 27, 'sn1234@ornek.com'),
(2178, '2023-12-01', 'Öğrenci', 'Zara degerli', 28, 'ad1234@ornek.com'),
(2179, '2023-12-01', 'Ücretli', 'Aslı bilim', 29, 'wk1234@ornek.com'),
(2180, '2023-12-01', 'İndirimli', 'Can alma', 30, 'le1234@ornek.com'),
(2181, '2023-12-01', 'Öğrenci', 'Ekin bilmem', 31, 'cx1234@ornek.com'),
(2182, '2023-12-01', 'Ücretli', 'Ece yooo', 32, 'od1234@ornek.com'),
(2183, '2023-12-01', 'İndirimli', 'Mert adam', 33, 'vs1234@ornek.com'),
(2184, '2023-12-01', 'Öğrenci', 'Defne biyül', 34, 'he1234@ornek.com'),
(2185, '2023-12-01', 'Ücretli', 'Okan akınşi', 35, 'kc1234@ornek.com'),
(2186, '2023-12-01', 'İndirimli', 'İrem ar', 36, 'qq1234@ornek.com'),
(2187, '2023-12-01', 'Öğrenci', 'Furan erden', 37, 'nu1234@ornek.com'),
(2188, '2023-12-01', 'Ücretli', 'Selma slian', 38, 'xg1234@ornek.com'),
(2189, '2023-12-01', 'İndirimli', 'Onur bulur', 39, 'pn1234@ornek.com'),
(2190, '2023-12-01', 'Öğrenci', 'Selin selam', 40, 'sc1234@ornek.com'),
(2191, '2023-12-01', 'Ücretli', 'Yasir kar', 41, 'xw1234@ornek.com'),
(2192, '2023-12-01', 'İndirimli', 'Şeyma seşi', 42, 'hq1234@ornek.com'),
(2193, '2023-12-01', 'Öğrenci', 'Emir emis', 43, 'gx1234@ornek.com'),
(2194, '2023-12-01', 'Ücretli', 'İlayda ilyada', 44, 'pj1234@ornek.com'),
(2195, '2023-12-01', 'İndirimli', 'Yavuz selim', 45, 'dm1234@ornek.com'),
(2196, '2023-12-01', 'Öğrenci', 'Sude süsüz', 46, 'ke1234@ornek.com'),
(2197, '2023-12-01', 'Ücretli', 'Serkan çakar', 47, 'mq1234@ornek.com'),
(2198, '2023-12-01', 'İndirimli', 'Esra essiz', 48, 'bv1234@ornek.com'),
(2199, '2023-12-01', 'Öğrenci', 'Emine bulur', 49, 'yk1234@ornek.com'),
(2200, '2023-12-01', 'Ücretli', 'Eray Kimnci', 50, 'zg1234@ornek.com'),
(2201, '2023-12-01', 'Öğrenci', 'Sophia', 51, 'kg1234@ornek.com'),
(2202, '2023-12-01', 'Ücretli', 'Liam', 52, 'tl1234@ornek.com'),
(2203, '2023-12-01', 'İndirimli', 'Olivia', 53, 'it1234@ornek.com'),
(2204, '2023-12-01', 'Öğrenci', 'Jackson', 54, 'bp1234@ornek.com'),
(2205, '2023-12-01', 'Ücretli', 'Emma', 55, 'rt1234@ornek.com'),
(2206, '2023-12-01', 'İndirimli', 'Aiden', 56, 'pr1234@ornek.com'),
(2207, '2023-12-01', 'Öğrenci', 'Mia', 57, 'ru1234@ornek.com'),
(2208, '2023-12-01', 'Ücretli', 'Lucas', 58, 'hq1234@ornek.com'),
(2209, '2023-12-01', 'İndirimli', 'Ava', 59, 'lm1234@ornek.com'),
(2210, '2023-12-01', 'Öğrenci', 'Liam', 60, 'nr1234@ornek.com'),
(2211, '2023-12-01', 'Ücretli', 'Isabella', 61, 'gp1234@ornek.com'),
(2212, '2023-12-01', 'İndirimli', 'Oliver', 62, 'ht1234@ornek.com'),
(2213, '2023-12-01', 'Öğrenci', 'Sophia', 63, 'tv1234@ornek.com'),
(2214, '2023-12-01', 'Ücretli', 'Lucas', 64, 'nh1234@ornek.com'),
(2215, '2023-12-01', 'İndirimli', 'Emma', 65, 'bu1234@ornek.com'),
(2216, '2023-12-01', 'Öğrenci', 'Mia', 66, 'jy1234@ornek.com'),
(2217, '2023-12-01', 'Ücretli', 'Ethan', 67, 'uv1234@ornek.com'),
(2218, '2023-12-01', 'İndirimli', 'Ava', 68, 'gb1234@ornek.com'),
(2219, '2023-12-01', 'Öğrenci', 'Sophia', 69, 'uu1234@ornek.com'),
(2220, '2023-12-01', 'Ücretli', 'Olivia', 70, 'vi1234@ornek.com'),
(2221, '2023-12-01', 'İndirimli', 'Jackson', 71, 'et1234@ornek.com'),
(2222, '2023-12-01', 'Öğrenci', 'Aiden', 72, 'no1234@ornek.com'),
(2223, '2023-12-01', 'Ücretli', 'Liam', 73, 'yn1234@ornek.com'),
(2224, '2023-12-01', 'İndirimli', 'Emma', 74, 'yt1234@ornek.com'),
(2225, '2023-12-01', 'Öğrenci', 'Olivia', 75, 'yg1234@ornek.com'),
(2226, '2023-12-01', 'Ücretli', 'Sophia', 76, 'be1234@ornek.com'),
(2227, '2023-12-01', 'İndirimli', 'Ethan', 77, 'ud1234@ornek.com'),
(2228, '2023-12-01', 'Öğrenci', 'Mia', 78, 'hb1234@ornek.com'),
(2229, '2023-12-01', 'Ücretli', 'Ava', 79, 'jz1234@ornek.com'),
(2230, '2023-12-01', 'İndirimli', 'Lucas', 80, 'ix1234@ornek.com'),
(2231, '2023-12-01', 'Öğrenci', 'Isabella', 81, 'cz1234@ornek.com'),
(2232, '2023-12-01', 'Ücretli', 'Oliver', 82, 'xg1234@ornek.com'),
(2233, '2023-12-01', 'İndirimli', 'Sophia', 83, 'sc1234@ornek.com'),
(2234, '2023-12-01', 'Öğrenci', 'Lucas', 84, 'gg1234@ornek.com'),
(2235, '2023-12-01', 'Ücretli', 'Emma', 85, 'bp1234@ornek.com'),
(2236, '2023-12-01', 'İndirimli', 'Mia', 86, 'hx1234@ornek.com'),
(2237, '2023-12-01', 'Öğrenci', 'Ethan', 87, 'vc1234@ornek.com'),
(2238, '2023-12-01', 'Ücretli', 'Ava', 88, 'un1234@ornek.com'),
(2239, '2023-12-01', 'İndirimli', 'Sophia', 89, 'ck1234@ornek.com'),
(2240, '2023-12-01', 'Öğrenci', 'Olivia', 90, 'jr1234@ornek.com'),
(2241, '2023-12-01', 'Ücretli', 'Jackson', 91, 'so1234@ornek.com'),
(2242, '2023-12-01', 'İndirimli', 'Aiden', 92, 'fi1234@ornek.com'),
(2243, '2023-12-01', 'Öğrenci', 'Isabella', 93, 'yu1234@ornek.com'),
(2244, '2023-12-01', 'Ücretli', 'Oliver', 94, 'fp1234@ornek.com'),
(2245, '2023-12-01', 'İndirimli', 'Sophia', 95, 'jo1234@ornek.com'),
(2246, '2023-12-01', 'Öğrenci', 'Mia', 96, 'yr1234@ornek.com'),
(2247, '2023-12-01', 'Ücretli', 'Ethan', 97, 'yr1234@ornek.com'),
(2248, '2023-12-01', 'İndirimli', 'Ava', 98, 'ru1234@ornek.com'),
(2249, '2023-12-01', 'Öğrenci', 'Sophia', 99, 'jx1234@ornek.com'),
(2250, '2023-12-01', 'Ücretli', 'Olivia', 100, 'ry1234@ornek.com'),
(2251, '2023-12-01', 'İndirimli', 'Zeynep zelis', 101, 'ts1234@ornek.com'),
(2252, '2023-12-01', 'Öğrenci', 'Emir if', 102, 'xb1234@ornek.com'),
(2253, '2023-12-01', 'Ücretli', 'Ömer olmaz', 103, 'cd1234@ornek.com'),
(2254, '2023-12-01', 'Öğrenci', 'Ali bakır', 104, 'gg1234@ornek.com'),
(2255, '2023-12-01', 'Ücretli', 'Ceren cerez', 105, 'xx1234@ornek.com'),
(2256, '2023-12-01', 'İndirimli', 'Ege cici', 106, 'sw1234@ornek.com'),
(2257, '2023-12-01', 'Öğrenci', 'Zehra zaho', 107, 'vi1234@ornek.com'),
(2258, '2023-12-01', 'Ücretli', 'Berk beril', 108, 'hi1234@ornek.com'),
(2259, '2023-12-01', 'İndirimli', 'Yasemin türk', 109, 'le1234@ornek.com'),
(2260, '2023-12-01', 'Öğrenci', 'Oğuz türkü', 110, 'vu1234@ornek.com'),
(2261, '2023-12-01', 'Ücretli', 'Cemre solmaz', 111, 'vv1234@ornek.com'),
(2262, '2023-12-01', 'İndirimli', 'Arda turan', 112, 'cf1234@ornek.com'),
(2263, '2023-12-01', 'Öğrenci', 'Melis yok', 113, 'mw1234@ornek.com'),
(2264, '2023-12-01', 'Ücretli', 'Arda tuana', 114, 'mk1234@ornek.com'),
(2265, '2023-12-01', 'İndirimli', 'Ayşe emin', 115, 'bv1234@ornek.com'),
(2266, '2023-12-01', 'Öğrenci', 'Faruk bilinmez', 116, 'fm1234@ornek.com'),
(2267, '2023-12-01', 'Ücretli', 'Yasin', 117, 'vq1234@ornek.com'),
(2268, '2023-12-01', 'İndirimli', 'Zara', 118, 'ip1234@ornek.com'),
(2269, '2023-12-01', 'Öğrenci', 'Ela', 119, 'io1234@ornek.com'),
(2270, '2023-12-01', 'Ücretli', 'Kaan', 120, 'fr1234@ornek.com'),
(2271, '2023-12-01', 'İndirimli', 'Cemile', 121, 'yl1234@ornek.com'),
(2272, '2023-12-01', 'Öğrenci', 'Kerem', 122, 'lc1234@ornek.com'),
(2273, '2023-12-01', 'Ücretli', 'Ceren', 123, 'qr1234@ornek.com'),
(2274, '2023-12-01', 'İndirimli', 'Deniz', 124, 'ls1234@ornek.com'),
(2275, '2023-12-01', 'Öğrenci', 'Emirhan', 125, 'ul1234@ornek.com'),
(2276, '2023-12-01', 'Ücretli', 'Esra', 126, 'qu1234@ornek.com'),
(2277, '2023-12-01', 'İndirimli', 'İrem', 127, 'yq1234@ornek.com'),
(2278, '2023-12-01', 'Öğrenci', 'Yunus', 128, 'lj1234@ornek.com'),
(2279, '2023-12-01', 'Ücretli', 'Elif', 129, 'pk1234@ornek.com'),
(2280, '2023-12-01', 'İndirimli', 'Burak', 130, 'rx1234@ornek.com'),
(2281, '2023-12-01', 'Öğrenci', 'Aslı', 131, 'cr1234@ornek.com'),
(2282, '2023-12-01', 'Ücretli', 'Sefa', 132, 'mf1234@ornek.com'),
(2283, '2023-12-01', 'İndirimli', 'Eylül', 133, 'vu1234@ornek.com'),
(2284, '2023-12-01', 'Öğrenci', 'Efe', 134, 'da1234@ornek.com'),
(2285, '2023-12-01', 'Ücretli', 'Selin', 135, 'tm1234@ornek.com'),
(2286, '2023-12-01', 'İndirimli', 'Bora', 136, 'yq1234@ornek.com'),
(2287, '2023-12-01', 'Öğrenci', 'Aylin', 137, 'qf1234@ornek.com'),
(2288, '2023-12-01', 'Ücretli', 'Okan', 138, 'cx1234@ornek.com'),
(2289, '2023-12-01', 'İndirimli', 'Nisan', 139, 'mc1234@ornek.com'),
(2290, '2023-12-01', 'Öğrenci', 'Alp', 140, 'kh1234@ornek.com'),
(2291, '2023-12-01', 'Ücretli', 'Ezgi', 141, 'fi1234@ornek.com'),
(2292, '2023-12-01', 'İndirimli', 'Umut', 142, 'ik1234@ornek.com'),
(2293, '2023-12-01', 'İndirimli', 'Beyza', 142, 'dj1234@ornek.com'),
(2294, '2023-12-01', 'Öğrenci', 'Tolga', 143, 'hz1234@ornek.com'),
(2295, '2023-12-01', 'Ücretli', 'Melike', 144, 'nj1234@ornek.com'),
(2296, '2023-12-01', 'Öğrenci', 'Cihan', 145, 'un1234@ornek.com'),
(2297, '2023-12-01', 'Ücretli', 'Sude', 146, 'oc1234@ornek.com'),
(2298, '2023-12-01', 'İndirimli', 'Ege', 147, 'nj1234@ornek.com'),
(2299, '2023-12-01', 'Öğrenci', 'Zeynep', 148, 'cq1234@ornek.com'),
(2300, '2023-12-01', 'Ücretli', 'Burak', 149, 'uf1234@ornek.com'),
(2301, '2023-12-01', 'İndirimli', 'Defne', 150, 'qg1234@ornek.com'),
(2302, '2023-12-01', 'Öğrenci', 'Alp', 151, 'xr1234@ornek.com'),
(2303, '2023-12-01', 'Ücretli', 'Ceren', 152, 'my1234@ornek.com'),
(2304, '2023-12-01', 'İndirimli', 'Emir yokus', 153, 'bz1234@ornek.com'),
(2305, '2023-12-01', 'Öğrenci', 'Zara zar', 154, 'ht1234@ornek.com'),
(2306, '2023-12-01', 'Ücretli', 'Oğuz oke', 155, 'ba1234@ornek.com'),
(2307, '2023-12-01', 'İndirimli', 'Ece emir', 156, 'mt1234@ornek.com'),
(2308, '2023-12-01', 'Öğrenci', 'Can kaker', 157, 'hl1234@ornek.com'),
(2309, '2023-12-01', 'Ücretli', 'Eylül atıcı', 158, 'kx1234@ornek.com'),
(2310, '2023-12-01', 'İndirimli', 'Zeynep ali', 159, 'ly1234@ornek.com'),
(2311, '2023-12-01', 'Öğrenci', 'Arda ar', 160, 'en1234@ornek.com'),
(2312, '2023-12-01', 'Ücretli', 'Lina mes', 161, 'pf1234@ornek.com'),
(2313, '2023-12-01', 'İndirimli', 'Cemile camcı', 162, 'yu1234@ornek.com'),
(2314, '2023-12-01', 'Öğrenci', 'Tuna tavuk', 163, 'hb1234@ornek.com'),
(2315, '2023-12-01', 'Ücretli', 'Cem celil', 164, 'ml1234@ornek.com'),
(2316, '2023-12-01', 'İndirimli', 'Melisa varh', 165, 'nj1234@ornek.com'),
(2317, '2023-12-01', 'Öğrenci', 'Ege bal', 166, 'xc1234@ornek.com'),
(2318, '2023-12-01', 'Ücretli', 'Zeynep atıcı', 167, 'rr1234@ornek.com'),
(2319, '2023-12-01', 'İndirimli', 'Bora borcu', 168, 'yp1234@ornek.com'),
(2320, '2023-12-01', 'Öğrenci', 'Aslı at', 169, 'tn1234@ornek.com'),
(2321, '2023-12-01', 'Ücretli', 'Ekin bugday', 170, 'ph1234@ornek.com'),
(2322, '2023-12-01', 'İndirimli', 'Yusuf kahveci', 171, 'yf1234@ornek.com'),
(2323, '2023-12-01', 'Öğrenci', 'Yaren ahmed', 172, 'yn1234@ornek.com'),
(2324, '2023-12-01', 'Ücretli', 'Sarp cıkıs', 173, 'av1234@ornek.com'),
(2325, '2023-12-01', 'İndirimli', 'Zara maho', 174, 'qn1234@ornek.com'),
(2326, '2023-12-01', 'Öğrenci', 'Alp dag', 175, 'sp1234@ornek.com'),
(2327, '2023-12-01', 'Ücretli', 'Mina ceviz', 176, 'lq1234@ornek.com'),
(2328, '2023-12-01', 'İndirimli', 'Berkay acı', 177, 'rr1234@ornek.com'),
(2329, '2023-12-01', 'Öğrenci', 'Senaeksi', 178, 'ot1234@ornek.com'),
(2330, '2023-12-01', 'Ücretli', 'Kaan arıylı', 179, 'yc1234@ornek.com'),
(2331, '2023-12-01', 'İndirimli', 'Rüya vah', 180, 'cx1234@ornek.com'),
(2332, '2023-12-01', 'Öğrenci', 'Caner ekin', 181, 'ol1234@ornek.com'),
(2333, '2023-12-01', 'Ücretli', 'Ece belim', 182, 'tq1234@ornek.com'),
(2334, '2023-12-01', 'İndirimli', 'Alperen sado', 183, 'ic1234@ornek.com'),
(2335, '2023-12-01', 'Öğrenci', 'Zeynep saki', 184, 'tq1234@ornek.com'),
(2336, '2023-12-01', 'Ücretli', 'Berk adi', 185, 'vk1234@ornek.com'),
(2337, '2023-12-01', 'İndirimli', 'Elif emir', 186, 'qb1234@ornek.com'),
(2338, '2023-12-01', 'Öğrenci', 'Tolga karel', 187, 'ri1234@ornek.com');
INSERT INTO `ziyaretciler` (`Giriş_id`, `Tarih`, `Giriş_türü`, `Ziyaretçi_adi`, `ziyaretçi_id`, `eposta`) VALUES
(2339, '2023-12-01', 'Ücretli', 'Sude mutlu', 188, 'pm1234@ornek.com'),
(2340, '2023-12-01', 'İndirimli', 'Beyza mutlu', 189, 'nw1234@ornek.com'),
(2341, '2023-12-01', 'Öğrenci', 'Ahmet gidici', 190, 'dj1234@ornek.com'),
(2342, '2023-12-01', 'Ücretli', 'Cem kırık', 191, 'xl1234@ornek.com'),
(2343, '2023-12-01', 'İndirimli', 'Defne ak', 192, 'mj1234@ornek.com'),
(2344, '2023-12-01', 'Öğrenci', 'Kerem al', 193, 'pb1234@ornek.com'),
(2345, '2023-12-01', 'Ücretli', 'Eylül at', 194, 'rj1234@ornek.com'),
(2346, '2023-12-01', 'İndirimli', 'Yusuf ay', 195, 'iq1234@ornek.com'),
(2347, '2023-12-01', 'Öğrenci', 'ipek azı', 196, 'jb1234@ornek.com'),
(2348, '2023-12-01', 'Ücretli', 'Kaan alı', 197, 'jl1234@ornek.com'),
(2349, '2023-12-01', 'İndirimli', 'Ece veri', 198, 'pn1234@ornek.com'),
(2350, '2023-12-01', 'Öğrenci', 'Caner kila', 199, 'ys1234@ornek.com'),
(2351, '2023-12-01', 'Ücretli', 'dilan alır', 200, 'sh1234@ornek.com'),
(2352, '2023-12-03', 'İndirimli', 'Yasmin', 55, 'bw1234@ornek.com'),
(2353, '2023-12-03', 'Payer', 'Alicia', 56, 'pe1234@ornek.com'),
(2354, '2023-12-03', 'Öğrenci', 'Sefa', 57, 'ei1234@ornek.com'),
(2355, '2023-12-03', 'Payer', 'Sophie', 58, 'sg1234@ornek.com'),
(2356, '2023-12-03', 'İndirimli', 'Onur', 59, 'ps1234@ornek.com'),
(2357, '2023-12-03', 'Studente', 'Eva', 60, 'xg1234@ornek.com'),
(2358, '2023-12-03', 'Payer', 'Matteo', 61, 'xp1234@ornek.com'),
(2359, '2023-12-03', 'İndirimli', 'Lara', 62, 'sr1234@ornek.com'),
(2360, '2023-12-03', 'Öğrenci', 'Kaan', 63, 'ct1234@ornek.com'),
(2361, '2023-12-03', 'Ücretli', 'Melis', 64, 'qj1234@ornek.com'),
(2362, '2023-12-03', 'İndirimli', 'Zara', 65, 'pe1234@ornek.com'),
(2363, '2023-12-03', 'Studente', 'Marco', 66, 'ut1234@ornek.com'),
(2364, '2023-12-03', 'İndirimli', 'Ayşe', 67, 'xj1234@ornek.com'),
(2365, '2023-12-03', 'Payer', 'Julien', 68, 'pd1234@ornek.com'),
(2366, '2023-12-03', 'Öğrenci', 'Oğuz', 69, 'gi1234@ornek.com'),
(2367, '2023-12-03', 'Ücretli', 'Elif', 70, 'yt1234@ornek.com'),
(2368, '2023-12-03', 'İndirimli', 'Bertrand', 71, 'oy1234@ornek.com'),
(2369, '2023-12-03', 'Öğrenci', 'Elif', 72, 'ly1234@ornek.com'),
(2370, '2023-12-03', 'Payer', 'Giovanni', 73, 'sa1234@ornek.com'),
(2371, '2023-12-03', 'Studente', 'Antonella', 74, 'nx1234@ornek.com'),
(2372, '2023-12-03', 'İndirimli', 'Ezgi', 75, 'pu1234@ornek.com'),
(2373, '2023-12-03', 'Payer', 'Alessio', 76, 'sw1234@ornek.com'),
(2374, '2023-12-03', 'Öğrenci', 'Ece', 77, 'pi1234@ornek.com'),
(2375, '2023-12-03', 'Ücretli', 'Nicolas', 78, 'ym1234@ornek.com'),
(2376, '2023-12-03', 'İndirimli', 'Emilie', 79, 'bt1234@ornek.com'),
(2377, '2023-12-03', 'Öğrenci', 'Cansu', 80, 'er1234@ornek.com'),
(2378, '2023-12-03', 'Payer', 'Luca', 81, 'xq1234@ornek.com'),
(2379, '2023-12-03', 'Studente', 'Enzo', 82, 'uy1234@ornek.com'),
(2380, '2023-12-03', 'İndirimli', 'Lara', 83, 'jj1234@ornek.com'),
(2381, '2023-12-03', 'Payer', 'Adele', 84, 'eh1234@ornek.com'),
(2382, '2023-12-03', 'Öğrenci', 'Mert', 85, 'lp1234@ornek.com'),
(2383, '2023-12-03', 'Ücretli', 'Chloe', 86, 'ut1234@ornek.com'),
(2384, '2023-12-03', 'İndirimli', 'Thibault', 87, 'cx1234@ornek.com'),
(2385, '2023-12-03', 'Öğrenci', 'Burak', 88, 'yv1234@ornek.com'),
(2386, '2023-12-03', 'Payer', 'Bianca', 89, 'ph1234@ornek.com'),
(2387, '2023-12-03', 'Studente', 'Giuseppe', 90, 'nq1234@ornek.com'),
(2388, '2023-12-03', 'İndirimli', 'Melis', 91, 'jv1234@ornek.com'),
(2389, '2023-12-03', 'Payer', 'Claire', 92, 'tr1234@ornek.com'),
(2390, '2023-12-03', 'Öğrenci', 'Deniz', 93, 'jo1234@ornek.com'),
(2391, '2023-12-03', 'Ücretli', 'Mathieu', 94, 'sq1234@ornek.com'),
(2392, '2023-12-03', 'İndirimli', 'Manon', 95, 'ac1234@ornek.com'),
(2393, '2023-12-03', 'Öğrenci', 'Büşra', 96, 'ym1234@ornek.com'),
(2394, '2023-12-03', 'Payer', 'Antoine', 97, 'dd1234@ornek.com'),
(2395, '2023-12-03', 'Studente', 'Celine', 98, 'xu1234@ornek.com'),
(2396, '2023-12-03', 'İndirimli', 'Selim', 99, 'vm1234@ornek.com'),
(2397, '2023-12-03', 'Payer', 'Helene', 100, 'fg1234@ornek.com'),
(2398, '2023-12-03', 'Öğrenci', 'Ahmet', 1, 'zm1234@ornek.com'),
(2399, '2023-12-03', 'Ücretli', 'Mehmet', 2, 'pu1234@ornek.com'),
(2400, '2023-12-03', 'İndirimli', 'Ayşe', 3, 'fp1234@ornek.com'),
(2401, '2023-12-03', 'Öğrenci', 'Fatma', 4, 'tf1234@ornek.com'),
(2402, '2023-12-03', 'Ücretli', 'Mustafa', 5, 'uc1234@ornek.com'),
(2403, '2023-12-03', 'İndirimli', 'Zehra', 6, 'gm1234@ornek.com'),
(2404, '2023-12-03', 'Öğrenci', 'Ahmet', 7, 'xq1234@ornek.com'),
(2405, '2023-12-03', 'Ücretli', 'Elif', 8, 'ep1234@ornek.com'),
(2406, '2023-12-03', 'İndirimli', 'Oğuz', 9, 'om1234@ornek.com'),
(2407, '2023-12-03', 'Öğrenci', 'Gizem', 10, 'pe1234@ornek.com'),
(2408, '2023-12-03', 'Ücretli', 'Yusuf', 11, 'mk1234@ornek.com'),
(2409, '2023-12-03', 'İndirimli', 'Dilara', 12, 'pi1234@ornek.com'),
(2410, '2023-12-03', 'Öğrenci', 'Eren', 13, 'ei1234@ornek.com'),
(2411, '2023-12-03', 'Ücretli', 'Ceren', 14, 'zk1234@ornek.com'),
(2412, '2023-12-03', 'İndirimli', 'Berfin', 15, 'ki1234@ornek.com'),
(2413, '2023-12-03', 'Öğrenci', 'Murat', 16, 'pd1234@ornek.com'),
(2414, '2023-12-03', 'Ücretli', 'Zeki', 17, 'im1234@ornek.com'),
(2415, '2023-12-03', 'İndirimli', 'Ezgi', 18, 'rf1234@ornek.com'),
(2416, '2023-12-03', 'Öğrenci', 'Gül', 19, 'ru1234@ornek.com'),
(2417, '2023-12-03', 'Ücretli', 'Umut', 20, 'hq1234@ornek.com'),
(2418, '2023-12-03', 'İndirimli', 'Berk', 21, 'av1234@ornek.com'),
(2419, '2023-12-03', 'Öğrenci', 'Nisa', 22, 'qn1234@ornek.com'),
(2420, '2023-12-03', 'Ücretli', 'Ali', 23, 'mr1234@ornek.com'),
(2421, '2023-12-03', 'İndirimli', 'Deniz', 24, 'ix1234@ornek.com'),
(2422, '2023-12-03', 'Öğrenci', 'Elanur', 25, 'vb1234@ornek.com'),
(2423, '2023-12-03', 'Ücretli', 'Ege', 26, 'bj1234@ornek.com'),
(2424, '2023-12-03', 'İndirimli', 'Ayaz', 27, 'ld1234@ornek.com'),
(2425, '2023-12-03', 'Öğrenci', 'Zara', 28, 'yx1234@ornek.com'),
(2426, '2023-12-03', 'Ücretli', 'Aslı', 29, 'if1234@ornek.com'),
(2427, '2023-12-03', 'İndirimli', 'Can', 30, 'pu1234@ornek.com'),
(2428, '2023-12-03', 'Öğrenci', 'Ekin', 31, 'nz1234@ornek.com'),
(2429, '2023-12-03', 'Ücretli', 'Ece', 32, 'jm1234@ornek.com'),
(2430, '2023-12-03', 'İndirimli', 'Mert', 33, 'pl1234@ornek.com'),
(2431, '2023-12-03', 'Öğrenci', 'Defne', 34, 'vw1234@ornek.com'),
(2432, '2023-12-03', 'Ücretli', 'Okan', 35, 'cm1234@ornek.com'),
(2433, '2023-12-03', 'İndirimli', 'İrem', 36, 'qm1234@ornek.com'),
(2434, '2023-12-03', 'Öğrenci', 'Furkan', 37, 'cw1234@ornek.com'),
(2435, '2023-12-03', 'Ücretli', 'Selma', 38, 'ym1234@ornek.com'),
(2436, '2023-12-03', 'İndirimli', 'Onur', 39, 'cx1234@ornek.com'),
(2437, '2023-12-03', 'Öğrenci', 'Selin', 40, 'cf1234@ornek.com'),
(2438, '2023-12-03', 'Ücretli', 'Yasir', 41, 'kr1234@ornek.com'),
(2439, '2023-12-03', 'İndirimli', 'Şeyma', 42, 'sd1234@ornek.com'),
(2440, '2023-12-03', 'Öğrenci', 'Emir', 43, 'sh1234@ornek.com'),
(2441, '2023-12-03', 'Ücretli', 'İlayda', 44, 'yr1234@ornek.com'),
(2442, '2023-12-03', 'İndirimli', 'Yavuz', 45, 'oh1234@ornek.com'),
(2443, '2023-12-03', 'Öğrenci', 'Sude', 46, 'xh1234@ornek.com'),
(2444, '2023-12-03', 'Ücretli', 'Serkan', 47, 'kd1234@ornek.com'),
(2445, '2023-12-03', 'İndirimli', 'Esra', 48, 'uq1234@ornek.com'),
(2446, '2023-12-03', 'Öğrenci', 'Emine', 49, 'ny1234@ornek.com'),
(2447, '2023-12-03', 'Ücretli', 'Eray', 50, 'll1234@ornek.com'),
(2448, '2023-12-03', 'Öğrenci', 'Zeynep', 51, 'rb1234@ornek.com'),
(2449, '2023-12-03', 'Ücretli', 'Eymen', 52, 'po1234@ornek.com'),
(2450, '2023-12-03', 'İndirimli', 'Gabriel', 53, 'ju1234@ornek.com'),
(2451, '2023-12-03', 'Studente', 'Lorenzo', 54, 'ct1234@ornek.com'),
(2452, '2023-12-05', 'Öğrenci', 'Eren', 1, 'wu1234@ornek.com'),
(2453, '2023-12-05', 'Ücretli', 'Melisa', 2, 'tk1234@ornek.com'),
(2454, '2023-12-05', 'İndirimli', 'Lucas', 3, 'wy1234@ornek.com'),
(2455, '2023-12-05', 'Öğrenci', 'Eva', 4, 'ps1234@ornek.com'),
(2456, '2023-12-05', 'İndirimli', 'Zara', 5, 'qw1234@ornek.com'),
(2457, '2023-12-05', 'Ücretli', 'Antoine', 6, 'yi1234@ornek.com'),
(2458, '2023-12-05', 'Öğrenci', 'Sedef', 7, 'mk1234@ornek.com'),
(2459, '2023-12-05', 'Ücretli', 'Sophie', 8, 'na1234@ornek.com'),
(2460, '2023-12-05', 'İndirimli', 'Can', 9, 'en1234@ornek.com'),
(2461, '2023-12-05', 'Öğrenci', 'Ayşe', 10, 'ar1234@ornek.com'),
(2462, '2023-12-05', 'Ücretli', 'Ege', 11, 'ox1234@ornek.com'),
(2463, '2023-12-05', 'İndirimli', 'Ecrin', 12, 'yy1234@ornek.com'),
(2464, '2023-12-05', 'Öğrenci', 'Cem', 13, 'nw1234@ornek.com'),
(2465, '2023-12-05', 'Ücretli', 'Deniz', 14, 'ew1234@ornek.com'),
(2466, '2023-12-05', 'İndirimli', 'Elif', 15, 'ru1234@ornek.com'),
(2467, '2023-12-05', 'İndirimli', 'Murat', 16, 'qd1234@ornek.com'),
(2468, '2023-12-05', 'Ücretli', 'Zehra', 17, 'ci1234@ornek.com'),
(2469, '2023-12-05', 'Öğrenci', 'Kaan', 18, 'el1234@ornek.com'),
(2470, '2023-12-05', 'Ücretli', 'Buse', 19, 'sc1234@ornek.com'),
(2471, '2023-12-05', 'İndirimli', 'Ali', 20, 'no1234@ornek.com'),
(2472, '2023-12-05', 'Ücretli', 'Mira', 21, 'ph1234@ornek.com'),
(2473, '2023-12-05', 'İndirimli', 'Emre', 22, 'qr1234@ornek.com'),
(2474, '2023-12-05', 'Öğrenci', 'Selma', 23, 'xs1234@ornek.com'),
(2475, '2023-12-05', 'Ücretli', 'Ege', 24, 'ob1234@ornek.com'),
(2476, '2023-12-05', 'İndirimli', 'Aslı', 25, 'uw1234@ornek.com'),
(2477, '2023-12-05', 'Ücretli', 'Yusuf', 26, 'ey1234@ornek.com'),
(2478, '2023-12-05', 'İndirimli', 'Cansu', 27, 'jd1234@ornek.com'),
(2479, '2023-12-05', 'Öğrenci', 'Efe', 28, 'hs1234@ornek.com'),
(2480, '2023-12-05', 'Ücretli', 'Ada', 29, 'da1234@ornek.com'),
(2481, '2023-12-05', 'İndirimli', 'Berk', 30, 'mi1234@ornek.com'),
(2482, '2023-12-05', 'Öğrenci', 'Elif', 31, 'bq1234@ornek.com'),
(2483, '2023-12-05', 'Ücretli', 'Oğuz', 32, 'lb1234@ornek.com'),
(2484, '2023-12-05', 'İndirimli', 'Büşra', 33, 'zl1234@ornek.com'),
(2485, '2023-12-05', 'Öğrenci', 'Yavuz', 34, 'gh1234@ornek.com'),
(2486, '2023-12-05', 'Ücretli', 'Zeynep', 35, 'no1234@ornek.com'),
(2487, '2023-12-05', 'İndirimli', 'Cemre', 36, 'kh1234@ornek.com'),
(2488, '2023-12-05', 'Öğrenci', 'Sude', 37, 'nu1234@ornek.com'),
(2489, '2023-12-05', 'Ücretli', 'Ege', 38, 'lc1234@ornek.com'),
(2490, '2023-12-05', 'İndirimli', 'Arda', 39, 'ma1234@ornek.com'),
(2491, '2023-12-05', 'Öğrenci', 'Tolga', 40, 'yb1234@ornek.com'),
(2492, '2023-12-05', 'Ücretli', 'Melike', 41, 'rh1234@ornek.com'),
(2493, '2023-12-05', 'İndirimli', 'Cihan', 42, 'gw1234@ornek.com'),
(2494, '2023-12-05', 'Öğrenci', 'Sude', 43, 'fs1234@ornek.com'),
(2495, '2023-12-05', 'Ücretli', 'Ege', 44, 'nu1234@ornek.com'),
(2496, '2023-12-05', 'İndirimli', 'Zeynep', 45, 'pw1234@ornek.com'),
(2497, '2023-12-05', 'Öğrenci', 'Burak', 46, 'un1234@ornek.com'),
(2498, '2023-12-05', 'Ücretli', 'Defne', 47, 'vj1234@ornek.com'),
(2499, '2023-12-05', 'İndirimli', 'Sophia', 48, 'yf1234@ornek.com'),
(2500, '2023-12-05', 'Öğrenci', 'Liam', 49, 'bw1234@ornek.com'),
(2501, '2023-12-05', 'Ücretli', 'Olivia', 50, 'el1234@ornek.com'),
(2502, '2023-12-05', 'İndirimli', 'Jackson', 51, 'tx1234@ornek.com'),
(2503, '2023-12-05', 'Öğrenci', 'Aiden', 52, 'ro1234@ornek.com'),
(2504, '2023-12-05', 'Ücretli', 'Mia', 53, 'xm1234@ornek.com'),
(2505, '2023-12-05', 'İndirimli', 'Lucas', 54, 'xp1234@ornek.com'),
(2506, '2023-12-05', 'Öğrenci', 'Emma', 55, 'cw1234@ornek.com'),
(2507, '2023-12-05', 'Ücretli', 'Sophia', 56, 'eg1234@ornek.com'),
(2508, '2023-12-05', 'İndirimli', 'Ethan', 57, 'id1234@ornek.com'),
(2509, '2023-12-05', 'Öğrenci', 'Mia', 58, 'he1234@ornek.com'),
(2510, '2023-12-05', 'Ücretli', 'Ava', 59, 'cr1234@ornek.com'),
(2511, '2023-12-05', 'İndirimli', 'Liam', 60, 'xb1234@ornek.com'),
(2512, '2023-12-05', 'Öğrenci', 'Isabella', 61, 'em1234@ornek.com'),
(2513, '2023-12-05', 'Ücretli', 'Oliver', 62, 'hn1234@ornek.com'),
(2514, '2023-12-05', 'İndirimli', 'Sophia', 63, 'jk1234@ornek.com'),
(2515, '2023-12-05', 'Öğrenci', 'Lucas', 64, 'iw1234@ornek.com'),
(2516, '2023-12-05', 'Ücretli', 'Emma', 65, 'mc1234@ornek.com'),
(2517, '2023-12-05', 'İndirimli', 'Mia', 66, 'll1234@ornek.com'),
(2518, '2023-12-05', 'Öğrenci', 'Ethan', 67, 'jb1234@ornek.com'),
(2519, '2023-12-05', 'Ücretli', 'Ava', 68, 'xq1234@ornek.com'),
(2520, '2023-12-05', 'İndirimli', 'Sophia', 69, 'ig1234@ornek.com'),
(2521, '2023-12-05', 'Öğrenci', 'Olivia', 70, 'oa1234@ornek.com'),
(2522, '2023-12-05', 'Ücretli', 'Jackson', 71, 'yq1234@ornek.com'),
(2523, '2023-12-05', 'İndirimli', 'Aiden', 72, 'rk1234@ornek.com'),
(2524, '2023-12-05', 'Öğrenci', 'Liam', 73, 'ux1234@ornek.com'),
(2525, '2023-12-05', 'Ücretli', 'Emma', 74, 'gr1234@ornek.com'),
(2526, '2023-12-05', 'İndirimli', 'Olivia', 75, 'ky1234@ornek.com'),
(2527, '2023-12-05', 'Öğrenci', 'Sophia', 76, 'ir1234@ornek.com'),
(2528, '2023-12-05', 'Ücretli', 'Ethan', 77, 'ux1234@ornek.com'),
(2529, '2023-12-05', 'İndirimli', 'Mia', 78, 'ki1234@ornek.com'),
(2530, '2023-12-05', 'Öğrenci', 'Ava', 79, 'wg1234@ornek.com'),
(2531, '2023-12-05', 'Ücretli', 'Lucas', 80, 'qc1234@ornek.com'),
(2532, '2023-12-05', 'İndirimli', 'Isabella', 81, 'fn1234@ornek.com'),
(2533, '2023-12-05', 'Öğrenci', 'Oliver', 82, 're1234@ornek.com'),
(2534, '2023-12-05', 'Ücretli', 'Sophia', 83, 'ti1234@ornek.com'),
(2535, '2023-12-05', 'İndirimli', 'Lucas', 84, 'ef1234@ornek.com'),
(2536, '2023-12-05', 'Öğrenci', 'Emma', 85, 'sh1234@ornek.com'),
(2537, '2023-12-05', 'Ücretli', 'Mia', 86, 'mm1234@ornek.com'),
(2538, '2023-12-05', 'İndirimli', 'Ethan', 87, 'xk1234@ornek.com'),
(2539, '2023-12-05', 'Öğrenci', 'Ava', 88, 'po1234@ornek.com'),
(2540, '2023-12-05', 'Ücretli', 'Sophia', 89, 'oo1234@ornek.com'),
(2541, '2023-12-05', 'İndirimli', 'Olivia', 90, 'go1234@ornek.com'),
(2542, '2023-12-05', 'Öğrenci', 'Jackson', 91, 'zn1234@ornek.com'),
(2543, '2023-12-05', 'Ücretli', 'Aiden', 92, 'qg1234@ornek.com'),
(2544, '2023-12-05', 'İndirimli', 'Isabella', 93, 'xo1234@ornek.com'),
(2545, '2023-12-05', 'Öğrenci', 'Oliver', 94, 'no1234@ornek.com'),
(2546, '2023-12-05', 'Ücretli', 'Sophia', 95, 'hw1234@ornek.com'),
(2547, '2023-12-05', 'İndirimli', 'Mia', 96, 'vr1234@ornek.com'),
(2548, '2023-12-05', 'Öğrenci', 'Ethan', 97, 'kj1234@ornek.com'),
(2549, '2023-12-05', 'Ücretli', 'Ava', 98, 'wp1234@ornek.com'),
(2550, '2023-12-05', 'İndirimli', 'Sophia', 99, 'yr1234@ornek.com'),
(2551, '2023-12-05', 'Ücretli', 'Lucas', 100, 'ze1234@ornek.com'),
(2552, '2023-12-06', 'Öğrenci', 'Giuseppe', 1, 'he1234@ornek.com'),
(2553, '2023-12-06', 'Ücretli', 'Mehmet', 2, 'ri1234@ornek.com'),
(2554, '2023-12-06', 'İndirimli', 'Camille', 3, 'bh1234@ornek.com'),
(2555, '2023-12-06', 'Öğrenci', 'Claire', 4, 'bb1234@ornek.com'),
(2556, '2023-12-06', 'Ücretli', 'Matteo', 5, 'rw1234@ornek.com'),
(2557, '2023-12-06', 'İndirimli', 'Zehra', 6, 'gb1234@ornek.com'),
(2558, '2023-12-06', 'Öğrenci', 'Osman', 7, 'sv1234@ornek.com'),
(2559, '2023-12-06', 'Ücretli', 'Elif', 8, 'vz1234@ornek.com'),
(2560, '2023-12-06', 'İndirimli', 'Olivier', 9, 'zt1234@ornek.com'),
(2561, '2023-12-06', 'Öğrenci', 'Gizem', 10, 'fi1234@ornek.com'),
(2562, '2023-12-06', 'Ücretli', 'Isabella', 11, 'xq1234@ornek.com'),
(2563, '2023-12-06', 'İndirimli', 'Luca', 12, 'gy1234@ornek.com'),
(2564, '2023-12-06', 'Öğrenci', 'Sophia', 13, 'bj1234@ornek.com'),
(2565, '2023-12-06', 'Ücretli', 'Lucas', 14, 'rt1234@ornek.com'),
(2566, '2023-12-06', 'İndirimli', 'Emma', 15, 'up1234@ornek.com'),
(2567, '2023-12-06', 'Öğrenci', 'Mia', 16, 'pq1234@ornek.com'),
(2568, '2023-12-06', 'Ücretli', 'Étienne', 17, 'ox1234@ornek.com'),
(2569, '2023-12-06', 'İndirimli', 'Ava', 18, 'bi1234@ornek.com'),
(2570, '2023-12-06', 'Öğrenci', 'Chiara', 19, 'fs1234@ornek.com'),
(2571, '2023-12-06', 'Ücretli', 'Olivia', 20, 'ys1234@ornek.com'),
(2572, '2023-12-06', 'İndirimli', 'Jackson', 21, 'eu1234@ornek.com'),
(2573, '2023-12-06', 'Öğrenci', 'Aiden', 22, 'ap1234@ornek.com'),
(2574, '2023-12-06', 'Ücretli', 'Liam', 23, 'jq1234@ornek.com'),
(2575, '2023-12-06', 'İndirimli', 'Emma', 24, 'wy1234@ornek.com'),
(2576, '2023-12-06', 'Öğrenci', 'Olivia', 25, 'yg1234@ornek.com'),
(2577, '2023-12-06', 'Ücretli', 'Sophia', 26, 'ij1234@ornek.com'),
(2578, '2023-12-06', 'İndirimli', 'Ethan', 27, 'eg1234@ornek.com'),
(2579, '2023-12-06', 'Öğrenci', 'Mia', 28, 'fq1234@ornek.com'),
(2580, '2023-12-06', 'Ücretli', 'Ava', 29, 'zg1234@ornek.com'),
(2581, '2023-12-06', 'İndirimli', 'Lucas', 30, 'ki1234@ornek.com'),
(2582, '2023-12-06', 'Öğrenci', 'Isabella', 31, 'tw1234@ornek.com'),
(2583, '2023-12-06', 'Ücretli', 'Oliver', 32, 'nl1234@ornek.com'),
(2584, '2023-12-06', 'İndirimli', 'Sophia', 33, 'ga1234@ornek.com'),
(2585, '2023-12-06', 'Öğrenci', 'Lucas', 34, 'ux1234@ornek.com'),
(2586, '2023-12-06', 'Ücretli', 'Emma', 35, 'mq1234@ornek.com'),
(2587, '2023-12-06', 'İndirimli', 'Mia', 36, 'fl1234@ornek.com'),
(2588, '2023-12-06', 'Öğrenci', 'Ethan', 37, 'rp1234@ornek.com'),
(2589, '2023-12-06', 'Ücretli', 'Ava', 38, 'sv1234@ornek.com'),
(2590, '2023-12-06', 'İndirimli', 'Sophia', 39, 'fn1234@ornek.com'),
(2591, '2023-12-06', 'Öğrenci', 'Olivia', 40, 'vy1234@ornek.com'),
(2592, '2023-12-06', 'Ücretli', 'Jackson', 41, 'ed1234@ornek.com'),
(2593, '2023-12-06', 'İndirimli', 'Aiden', 42, 'rr1234@ornek.com'),
(2594, '2023-12-06', 'Öğrenci', 'Isabella', 43, 'di1234@ornek.com'),
(2595, '2023-12-06', 'Ücretli', 'Oliver', 44, 'gl1234@ornek.com'),
(2596, '2023-12-06', 'İndirimli', 'Sophia', 45, 'ms1234@ornek.com'),
(2597, '2023-12-06', 'Öğrenci', 'Luca', 46, 'ih1234@ornek.com'),
(2598, '2023-12-06', 'Ücretli', 'Emma', 47, 'nd1234@ornek.com'),
(2599, '2023-12-06', 'İndirimli', 'Lucas', 48, 'di1234@ornek.com'),
(2600, '2023-12-06', 'Öğrenci', 'Matteo', 49, 'hr1234@ornek.com'),
(2601, '2023-12-06', 'Ücretli', 'Giulia', 50, 'pk1234@ornek.com'),
(2602, '2023-12-06', 'İndirimli', 'Antoine', 51, 'bm1234@ornek.com'),
(2603, '2023-12-06', 'Öğrenci', 'Elif', 52, 'qo1234@ornek.com'),
(2604, '2023-12-06', 'Ücretli', 'Raphael', 53, 'ag1234@ornek.com'),
(2605, '2023-12-06', 'İndirimli', 'Sophie', 54, 'dc1234@ornek.com'),
(2606, '2023-12-06', 'Öğrenci', 'Fabio', 55, 'di1234@ornek.com'),
(2607, '2023-12-06', 'Ücretli', 'Zara', 56, 'cw1234@ornek.com'),
(2608, '2023-12-06', 'İndirimli', 'Louis', 57, 'de1234@ornek.com'),
(2609, '2023-12-06', 'Öğrenci', 'Elise', 58, 'tn1234@ornek.com'),
(2610, '2023-12-06', 'Ücretli', 'Matthieu', 59, 'oe1234@ornek.com'),
(2611, '2023-12-06', 'İndirimli', 'Nina', 60, 'cz1234@ornek.com'),
(2612, '2023-12-06', 'Öğrenci', 'Leon', 61, 'zn1234@ornek.com'),
(2613, '2023-12-06', 'Ücretli', 'Amélie', 62, 'rm1234@ornek.com'),
(2614, '2023-12-06', 'İndirimli', 'Hugo', 63, 'fz1234@ornek.com'),
(2615, '2023-12-06', 'Öğrenci', 'Eva', 64, 'ux1234@ornek.com'),
(2616, '2023-12-06', 'Ücretli', 'Théo', 65, 'oy1234@ornek.com'),
(2617, '2023-12-06', 'İndirimli', 'Sophie', 66, 'am1234@ornek.com'),
(2618, '2023-12-06', 'Öğrenci', 'Luc', 67, 'jt1234@ornek.com'),
(2619, '2023-12-06', 'Ücretli', 'Céline', 68, 'ni1234@ornek.com'),
(2620, '2023-12-06', 'İndirimli', 'Maxime', 69, 'ks1234@ornek.com'),
(2621, '2023-12-06', 'Öğrenci', 'Manon', 70, 'sm1234@ornek.com'),
(2622, '2023-12-06', 'Ücretli', 'Léo', 71, 'xr1234@ornek.com'),
(2623, '2023-12-06', 'İndirimli', 'Juliette', 72, 'vv1234@ornek.com'),
(2624, '2023-12-06', 'Öğrenci', 'Alexandre', 73, 'oy1234@ornek.com'),
(2625, '2023-12-06', 'Ücretli', 'Léa', 74, 'un1234@ornek.com'),
(2626, '2023-12-06', 'İndirimli', 'Enzo', 75, 'rq1234@ornek.com'),
(2627, '2023-12-06', 'Öğrenci', 'Louise', 76, 'bq1234@ornek.com'),
(2628, '2023-12-06', 'Ücretli', 'Gabriel', 77, 'hj1234@ornek.com'),
(2629, '2023-12-06', 'İndirimli', 'Chloé', 78, 'kj1234@ornek.com'),
(2630, '2023-12-06', 'Öğrenci', 'Romain', 79, 'ls1234@ornek.com'),
(2631, '2023-12-06', 'Ücretli', 'Anaïs', 80, 'no1234@ornek.com'),
(2632, '2023-12-07', 'İndirimli', 'Elif', 1, 'wj1234@ornek.com'),
(2633, '2023-12-07', 'Öğrenci', 'Giovanni', 2, 'zj1234@ornek.com'),
(2634, '2023-12-07', 'Ücretli', 'Burak', 3, 'or1234@ornek.com'),
(2635, '2023-12-07', 'İndirimli', 'Isabella', 4, 'qx1234@ornek.com'),
(2636, '2023-12-07', 'Öğrenci', 'Luca', 5, 'cb1234@ornek.com'),
(2637, '2023-12-07', 'Ücretli', 'Deniz', 6, 'dl1234@ornek.com'),
(2638, '2023-12-07', 'İndirimli', 'Alessia', 7, 'wu1234@ornek.com'),
(2639, '2023-12-07', 'Öğrenci', 'Ege', 8, 'yh1234@ornek.com'),
(2640, '2023-12-07', 'Ücretli', 'Matteo', 9, 'wu1234@ornek.com'),
(2641, '2023-12-07', 'İndirimli', 'Zeynep', 10, 'gg1234@ornek.com'),
(2642, '2023-12-07', 'Öğrenci', 'Gabriele', 11, 'jn1234@ornek.com'),
(2643, '2023-12-07', 'Ücretli', 'Cemre', 12, 'pd1234@ornek.com'),
(2644, '2023-12-07', 'İndirimli', 'Elena', 13, 'me1234@ornek.com'),
(2645, '2023-12-07', 'Öğrenci', 'Liam', 14, 'zd1234@ornek.com'),
(2646, '2023-12-07', 'Ücretli', 'Giulia', 15, 'mu1234@ornek.com'),
(2647, '2023-12-07', 'İndirimli', 'Elif', 16, 'wd1234@ornek.com'),
(2648, '2023-12-07', 'Öğrenci', 'Luca', 17, 'ed1234@ornek.com'),
(2649, '2023-12-07', 'Ücretli', 'Ezgi', 18, 'cb1234@ornek.com'),
(2650, '2023-12-07', 'İndirimli', 'Matteo', 19, 'jn1234@ornek.com'),
(2651, '2023-12-07', 'Öğrenci', 'Sophia', 20, 'zl1234@ornek.com'),
(2652, '2023-12-07', 'Ücretli', 'Gabriel', 21, 'rs1234@ornek.com'),
(2653, '2023-12-07', 'İndirimli', 'Valentina', 22, 'fx1234@ornek.com'),
(2654, '2023-12-07', 'Öğrenci', 'Cihan', 23, 'nk1234@ornek.com'),
(2655, '2023-12-07', 'Ücretli', 'Chiara', 24, 'id1234@ornek.com'),
(2656, '2023-12-07', 'İndirimli', 'Elif', 25, 'mt1234@ornek.com'),
(2657, '2023-12-07', 'Öğrenci', 'Leonardo', 26, 'or1234@ornek.com'),
(2658, '2023-12-07', 'Ücretli', 'Ela', 27, 're1234@ornek.com'),
(2659, '2023-12-07', 'İndirimli', 'Lorenzo', 28, 'lw1234@ornek.com'),
(2660, '2023-12-07', 'Öğrenci', 'Aylin', 29, 'sk1234@ornek.com'),
(2661, '2023-12-07', 'Ücretli', 'Sophie', 30, 'qw1234@ornek.com'),
(2662, '2023-12-09', 'Öğrenci', 'Ahmet', 1, 'ps1234@ornek.com'),
(2663, '2023-12-09', 'Ücretli', 'Ayşe', 2, 'mh1234@ornek.com'),
(2664, '2023-12-09', 'Öğrenci', 'Zeynep', 4, 'gv1234@ornek.com'),
(2665, '2023-12-09', 'Ücretli', 'Mehmet', 5, 'fj1234@ornek.com'),
(2666, '2023-12-09', 'İndirimli', 'Fatma', 6, 'rw1234@ornek.com'),
(2667, '2023-12-09', 'Öğrenci', 'Ali', 7, 'se1234@ornek.com'),
(2668, '2023-12-09', 'Ücretli', 'Gizem', 8, 'uy1234@ornek.com'),
(2669, '2023-12-09', 'İndirimli', 'Yusuf', 9, 'nc1234@ornek.com'),
(2670, '2023-12-09', 'Öğrenci', 'Ceren', 10, 'dy1234@ornek.com'),
(2671, '2023-12-09', 'Ücretli', 'Eren', 11, 'ij1234@ornek.com'),
(2672, '2023-12-09', 'İndirimli', 'Elif', 12, 'pv1234@ornek.com'),
(2673, '2023-12-09', 'Öğrenci', 'Burak', 13, 'op1234@ornek.com'),
(2674, '2023-12-09', 'Ücretli', 'Selma', 14, 'sp1234@ornek.com'),
(2675, '2023-12-09', 'İndirimli', 'Oğuz', 15, 'ad1234@ornek.com'),
(2676, '2023-12-09', 'Öğrenci', 'Cemre', 16, 'ud1234@ornek.com'),
(2677, '2023-12-09', 'Ücretli', 'Emir', 17, 'jk1234@ornek.com'),
(2678, '2023-12-09', 'İndirimli', 'Aslı', 18, 'yk1234@ornek.com'),
(2679, '2023-12-09', 'Öğrenci', 'Berk', 19, 'xo1234@ornek.com'),
(2680, '2023-12-09', 'Ücretli', 'Nisa', 20, 'ky1234@ornek.com'),
(2681, '2023-12-09', 'İndirimli', 'Deniz', 21, 'gj1234@ornek.com'),
(2682, '2023-12-09', 'Öğrenci', 'Can', 22, 'mb1234@ornek.com'),
(2683, '2023-12-09', 'Ücretli', 'Ekin', 23, 'qw1234@ornek.com'),
(2684, '2023-12-09', 'İndirimli', 'Ece', 24, 'wv1234@ornek.com'),
(2685, '2023-12-09', 'Öğrenci', 'Mert', 25, 'jc1234@ornek.com'),
(2686, '2023-12-09', 'Ücretli', 'Defne', 26, 'os1234@ornek.com'),
(2687, '2023-12-09', 'İndirimli', 'Okan', 27, 'ow1234@ornek.com'),
(2688, '2023-12-09', 'Öğrenci', 'İrem', 28, 'cd1234@ornek.com'),
(2689, '2023-12-09', 'Ücretli', 'Selin', 29, 'jv1234@ornek.com'),
(2690, '2023-12-09', 'İndirimli', 'Yasir', 30, 'dh1234@ornek.com'),
(2691, '2023-12-09', 'Öğrenci', 'Şeyma', 31, 'xt1234@ornek.com'),
(2692, '2023-12-09', 'Ücretli', 'Emir', 32, 'el1234@ornek.com'),
(2693, '2023-12-09', 'İndirimli', 'İlayda', 33, 'qw1234@ornek.com'),
(2694, '2023-12-09', 'Öğrenci', 'Yavuz', 34, 'ps1234@ornek.com'),
(2695, '2023-12-09', 'Ücretli', 'Sude', 35, 'vu1234@ornek.com'),
(2696, '2023-12-09', 'İndirimli', 'Serkan', 36, 'pu1234@ornek.com'),
(2697, '2023-12-09', 'Öğrenci', 'Esra', 37, 'nd1234@ornek.com'),
(2698, '2023-12-09', 'Ücretli', 'Emine', 38, 'iw1234@ornek.com'),
(2699, '2023-12-09', 'İndirimli', 'Eray', 39, 'dn1234@ornek.com'),
(2700, '2023-12-09', 'Öğrenci', 'Sophia', 40, 'xp1234@ornek.com'),
(2701, '2023-12-09', 'Ücretli', 'Liam', 41, 'cf1234@ornek.com'),
(2702, '2023-12-09', 'İndirimli', 'Olivia', 42, 'oh1234@ornek.com'),
(2703, '2023-12-09', 'Öğrenci', 'Jackson', 43, 'vb1234@ornek.com'),
(2704, '2023-12-09', 'Ücretli', 'Emma', 44, 'gc1234@ornek.com'),
(2705, '2023-12-09', 'İndirimli', 'Aiden', 45, 'tl1234@ornek.com'),
(2706, '2023-12-09', 'Öğrenci', 'Mia', 46, 'zj1234@ornek.com'),
(2707, '2023-12-09', 'Ücretli', 'Lucas', 47, 'ln1234@ornek.com'),
(2708, '2023-12-09', 'İndirimli', 'Ava', 48, 'yx1234@ornek.com'),
(2709, '2023-12-09', 'Öğrenci', 'Sophia', 49, 'kd1234@ornek.com'),
(2710, '2023-12-09', 'Ücretli', 'Olivia', 50, 'mi1234@ornek.com'),
(2711, '2023-12-09', 'İndirimli', 'Zeynep', 51, 'qw1234@ornek.com'),
(2712, '2023-12-09', 'Öğrenci', 'Emir', 52, 'sd1234@ornek.com'),
(2713, '2023-12-09', 'Ücretli', 'Elif', 53, 'tn1234@ornek.com'),
(2714, '2023-12-09', 'İndirimli', 'Ali', 54, 'yy1234@ornek.com'),
(2715, '2023-12-09', 'Öğrenci', 'Ceren', 55, 'nb1234@ornek.com'),
(2716, '2023-12-09', 'Ücretli', 'Ege', 56, 'sv1234@ornek.com'),
(2717, '2023-12-09', 'İndirimli', 'Zehra', 57, 'bt1234@ornek.com'),
(2718, '2023-12-09', 'Öğrenci', 'Berk', 58, 'pr1234@ornek.com'),
(2719, '2023-12-09', 'Ücretli', 'Yasemin', 59, 'oj1234@ornek.com'),
(2720, '2023-12-09', 'İndirimli', 'Oğuz', 60, 'ys1234@ornek.com'),
(2721, '2023-12-09', 'Öğrenci', 'Cemre', 61, 'vt1234@ornek.com'),
(2722, '2023-12-09', 'Ücretli', 'Efe', 62, 'xy1234@ornek.com'),
(2723, '2023-12-09', 'İndirimli', 'Melis', 63, 'wq1234@ornek.com'),
(2724, '2023-12-09', 'Öğrenci', 'Arda', 64, 'hb1234@ornek.com'),
(2725, '2023-12-09', 'Ücretli', 'Ayşe', 65, 'ei1234@ornek.com'),
(2726, '2023-12-09', 'İndirimli', 'Can', 66, 'iu1234@ornek.com'),
(2727, '2023-12-09', 'Öğrenci', 'Yasin', 67, 'ow1234@ornek.com'),
(2728, '2023-12-09', 'Ücretli', 'Zara', 68, 'rj1234@ornek.com'),
(2729, '2023-12-09', 'İndirimli', 'Ela', 69, 'ap1234@ornek.com'),
(2730, '2023-12-09', 'Öğrenci', 'Kaan', 70, 'fx1234@ornek.com'),
(2731, '2023-12-09', 'Ücretli', 'Cemile', 71, 'js1234@ornek.com'),
(2732, '2023-12-09', 'İndirimli', 'Kerem', 72, 'vj1234@ornek.com'),
(2733, '2023-12-09', 'Öğrenci', 'Ceren', 73, 'pz1234@ornek.com'),
(2734, '2023-12-09', 'Ücretli', 'Deniz', 74, 'se1234@ornek.com'),
(2735, '2023-12-09', 'İndirimli', 'Emirhan', 75, 'nu1234@ornek.com'),
(2736, '2023-12-09', 'Öğrenci', 'Esra', 76, 'or1234@ornek.com'),
(2737, '2023-12-09', 'Ücretli', 'İrem', 77, 'kw1234@ornek.com'),
(2738, '2023-12-09', 'İndirimli', 'Yunus', 78, 'hw1234@ornek.com'),
(2739, '2023-12-09', 'Öğrenci', 'Elif', 79, 'da1234@ornek.com'),
(2740, '2023-12-09', 'Ücretli', 'Burak', 80, 'js1234@ornek.com'),
(2741, '2023-12-09', 'Öğrenci', 'Defne', 81, 'mt1234@ornek.com'),
(2742, '2023-12-09', 'Ücretli', 'Okan', 82, 'cw1234@ornek.com'),
(2743, '2023-12-09', 'İndirimli', 'Nisan', 83, 'ib1234@ornek.com'),
(2744, '2023-12-09', 'Öğrenci', 'Alp', 84, 'aj1234@ornek.com'),
(2745, '2023-12-09', 'Ücretli', 'Ezgi', 85, 'dc1234@ornek.com'),
(2746, '2023-12-09', 'İndirimli', 'Umut', 86, 'bz1234@ornek.com'),
(2747, '2023-12-09', 'Öğrenci', 'Beyza', 87, 'ej1234@ornek.com'),
(2748, '2023-12-09', 'Ücretli', 'Tolga', 88, 'ri1234@ornek.com'),
(2749, '2023-12-09', 'İndirimli', 'Melike', 89, 'yc1234@ornek.com'),
(2750, '2023-12-09', 'Öğrenci', 'Cihan', 90, 'ms1234@ornek.com'),
(2751, '2023-12-09', 'Ücretli', 'Sude', 91, 'ry1234@ornek.com'),
(2752, '2023-12-09', 'İndirimli', 'Ege', 92, 'xh1234@ornek.com'),
(2753, '2023-12-09', 'Öğrenci', 'Zeynep', 93, 'kc1234@ornek.com'),
(2754, '2023-12-09', 'Ücretli', 'Burak', 94, 'my1234@ornek.com'),
(2755, '2023-12-09', 'İndirimli', 'Defne', 95, 'gy1234@ornek.com'),
(2756, '2023-12-09', 'Öğrenci', 'Okan', 96, 'ev1234@ornek.com'),
(2757, '2023-12-09', 'Ücretli', 'Emir', 97, 'bb1234@ornek.com'),
(2758, '2023-12-09', 'İndirimli', 'Aylin', 98, 'mc1234@ornek.com'),
(2759, '2023-12-09', 'Öğrenci', 'Sophia', 99, 'sn1234@ornek.com'),
(2760, '2023-12-09', 'Ücretli', 'Olivia', 100, 'tm1234@ornek.com'),
(2761, '2023-12-09', 'İndirimli', 'Zeynep', 101, 'qh1234@ornek.com'),
(2762, '2023-12-09', 'Öğrenci', 'Emir', 102, 'xn1234@ornek.com'),
(2763, '2023-12-09', 'Ücretli', 'Elif', 103, 'te1234@ornek.com'),
(2764, '2023-12-09', 'İndirimli', 'Ali', 104, 'mq1234@ornek.com'),
(2765, '2023-12-09', 'Öğrenci', 'Ceren', 105, 'oq1234@ornek.com'),
(2766, '2023-12-09', 'Ücretli', 'Ege', 106, 'jt1234@ornek.com'),
(2767, '2023-12-09', 'İndirimli', 'Zehra', 107, 'ul1234@ornek.com'),
(2768, '2023-12-09', 'Öğrenci', 'Berk', 108, 'ed1234@ornek.com'),
(2769, '2023-12-09', 'Ücretli', 'Yasemin', 109, 'cf1234@ornek.com'),
(2770, '2023-12-09', 'İndirimli', 'Oğuz', 110, 'hd1234@ornek.com'),
(2771, '2023-12-09', 'Öğrenci', 'Cemre', 111, 'hd1234@ornek.com'),
(2772, '2023-12-09', 'Ücretli', 'Efe', 112, 'dv1234@ornek.com'),
(2773, '2023-12-09', 'İndirimli', 'Melis', 113, 'oj1234@ornek.com'),
(2774, '2023-12-09', 'Öğrenci', 'Arda', 114, 'ni1234@ornek.com'),
(2775, '2023-12-09', 'Ücretli', 'Ayşe', 115, 'ud1234@ornek.com'),
(2776, '2023-12-09', 'İndirimli', 'Can', 116, 'oi1234@ornek.com'),
(2777, '2023-12-09', 'Öğrenci', 'Yasin', 117, 'ic1234@ornek.com'),
(2778, '2023-12-09', 'Ücretli', 'Zara', 118, 'xj1234@ornek.com'),
(2779, '2023-12-09', 'İndirimli', 'Ela', 119, 'zx1234@ornek.com'),
(2780, '2023-12-09', 'Öğrenci', 'Kaan', 120, 'lf1234@ornek.com'),
(2781, '2023-12-10', 'Ücretli', 'Umut Karahan', 142, 'yq1234@ornek.com'),
(2782, '2023-12-10', 'İndirimli', 'Jülide Pala', 48, 'lq1234@ornek.com'),
(2783, '2023-12-10', 'Ücretli', 'Beyza Arıkan', 143, 'fi1234@ornek.com'),
(2784, '2023-12-10', 'Öğrenci', 'Kaan Sabır', 49, 'jf1234@ornek.com'),
(2785, '2023-12-10', 'Ücretli', 'Tolga Yücel', 144, 'ck1234@ornek.com'),
(2786, '2023-12-10', 'İndirimli', 'Leyla Taş', 50, 'jv1234@ornek.com'),
(2787, '2023-12-10', 'Ücretli', 'Melike Kaya', 145, 'mg1234@ornek.com'),
(2788, '2023-12-10', 'Ücretli', 'Cihan Yılmaz', 146, 'ek1234@ornek.com'),
(2789, '2023-12-10', 'Ücretli', 'Sude Gürkan', 147, 'st1234@ornek.com'),
(2790, '2023-12-10', 'Ücretli', 'Ege Şahin', 148, 'fx1234@ornek.com'),
(2791, '2023-12-10', 'Ücretli', 'Zeynep Avcı', 149, 'kv1234@ornek.com'),
(2792, '2023-12-10', 'Ücretli', 'Burak Kılıç', 150, 'px1234@ornek.com'),
(2793, '2023-12-10', 'Ücretli', 'Melis Öztürk', 151, 'yp1234@ornek.com'),
(2794, '2023-12-10', 'Ücretli', 'Kaan Kılıç', 152, 're1234@ornek.com'),
(2795, '2023-12-10', 'Ücretli', 'Cemile Yılmaz', 153, 'vi1234@ornek.com'),
(2796, '2023-12-10', 'Ücretli', 'Kerem Şahin', 154, 'gb1234@ornek.com'),
(2797, '2023-12-10', 'Ücretli', 'Nazlıhan Türkoğlu', 155, 'gw1234@ornek.com'),
(2798, '2023-12-10', 'Ücretli', 'Mert Arslan', 156, 'mm1234@ornek.com'),
(2799, '2023-12-10', 'Ücretli', 'Aslıhan Akça', 157, 'so1234@ornek.com'),
(2800, '2023-12-10', 'Ücretli', 'Emir Demir', 158, 'kf1234@ornek.com'),
(2801, '2023-12-10', 'Ücretli', 'Nisan Özkan', 159, 'vg1234@ornek.com'),
(2802, '2023-12-10', 'Ücretli', 'Okan Uzun', 160, 'mk1234@ornek.com'),
(2803, '2023-12-10', 'Ücretli', 'Cemre Gürsoy', 161, 'do1234@ornek.com'),
(2804, '2023-12-10', 'Ücretli', 'Efe Ünlü', 162, 'uo1234@ornek.com'),
(2805, '2023-12-10', 'Ücretli', 'Melike Kara', 163, 'dm1234@ornek.com'),
(2806, '2023-12-10', 'Ücretli', 'Arda Türk', 164, 'xj1234@ornek.com'),
(2807, '2023-12-10', 'Ücretli', 'Ayşe Kaya', 165, 'ck1234@ornek.com'),
(2808, '2023-12-10', 'Ücretli', 'Can Avcı', 166, 'yx1234@ornek.com'),
(2809, '2023-12-10', 'Ücretli', 'Yasin Aydın', 167, 'hw1234@ornek.com'),
(2810, '2023-12-10', 'Ücretli', 'Zara Şahin', 168, 'dx1234@ornek.com'),
(2811, '2023-12-10', 'Ücretli', 'Ela Yalçın', 169, 'pe1234@ornek.com'),
(2812, '2023-12-10', 'Ücretli', 'Kaan Kaya', 170, 'ts1234@ornek.com'),
(2813, '2023-12-10', 'Ücretli', 'Cemile Yıldız', 171, 'gl1234@ornek.com'),
(2814, '2023-12-10', 'Ücretli', 'Kerem Erdoğan', 172, 'nn1234@ornek.com'),
(2815, '2023-12-10', 'Ücretli', 'Ceren Arıkan', 173, 'tr1234@ornek.com'),
(2816, '2023-12-10', 'Ücretli', 'Deniz Çetin', 174, 'dn1234@ornek.com'),
(2817, '2023-12-10', 'Ücretli', 'Emirhan Koç', 175, 'ta1234@ornek.com'),
(2818, '2023-12-10', 'Ücretli', 'Esra Şener', 176, 'qb1234@ornek.com'),
(2819, '2023-12-10', 'Ücretli', 'İrem Şentürk', 177, 'le1234@ornek.com'),
(2820, '2023-12-10', 'Ücretli', 'Yunus Arslan', 178, 'ed1234@ornek.com'),
(2821, '2023-12-10', 'Ücretli', 'Elif Ateş', 179, 'xu1234@ornek.com'),
(2822, '2023-12-10', 'Ücretli', 'Burak Arıkan', 180, 'vm1234@ornek.com'),
(2823, '2023-12-10', 'Ücretli', 'Aslı Şahin', 181, 'vr1234@ornek.com'),
(2824, '2023-12-10', 'Ücretli', 'Sefa Kılıç', 182, 'hw1234@ornek.com'),
(2825, '2023-12-10', 'Ücretli', 'Eylül Yıldız', 183, 'rb1234@ornek.com'),
(2826, '2023-12-10', 'Ücretli', 'Efe Yüksel', 184, 'tg1234@ornek.com'),
(2827, '2023-12-10', 'Ücretli', 'Selin Yılmaz', 185, 'sb1234@ornek.com'),
(2828, '2023-12-10', 'Ücretli', 'Bora Şahin', 186, 'rm1234@ornek.com'),
(2829, '2023-12-10', 'Ücretli', 'Aylin Akman', 187, 'sg1234@ornek.com'),
(2830, '2023-12-10', 'Ücretli', 'Okan Çınar', 188, 'op1234@ornek.com'),
(2831, '2023-12-10', 'Ücretli', 'Nisan Karakaş', 189, 'wl1234@ornek.com'),
(2832, '2023-12-10', 'Ücretli', 'Alp Gürkan', 190, 'df1234@ornek.com'),
(2833, '2023-12-10', 'Ücretli', 'Ezgi Arıkan', 191, 'mn1234@ornek.com'),
(2834, '2023-12-10', 'Ücretli', 'Umut Şener', 192, 'fm1234@ornek.com'),
(2835, '2023-12-10', 'Ücretli', 'Beyza Aydın', 193, 'fe1234@ornek.com'),
(2836, '2023-12-10', 'Ücretli', 'Tolga Koç', 194, 'mu1234@ornek.com'),
(2837, '2023-12-10', 'Ücretli', 'Melike Kılıç', 195, 'pd1234@ornek.com'),
(2838, '2023-12-10', 'Ücretli', 'Cihan Türk', 196, 'cs1234@ornek.com'),
(2839, '2023-12-10', 'Ücretli', 'Sude Aydın', 197, 'ym1234@ornek.com'),
(2840, '2023-12-10', 'Ücretli', 'Ege Koç', 198, 'ox1234@ornek.com'),
(2841, '2023-12-10', 'Ücretli', 'Zeynep Şahin', 199, 'ge1234@ornek.com'),
(2842, '2023-12-10', 'Ücretli', 'Burak Yılmaz', 200, 'rk1234@ornek.com'),
(2843, '2023-12-10', 'Ücretli', 'Ahmet Yılmaz', 1, 'ig1234@ornek.com'),
(2844, '2023-12-10', 'Ücretli', 'Mehmet Öztürk', 2, 'pd1234@ornek.com'),
(2845, '2023-12-10', 'Ücretli', 'Ayşe Demir', 3, 'ed1234@ornek.com'),
(2846, '2023-12-10', 'Ücretli', 'Fatma Kaya', 4, 've1234@ornek.com'),
(2847, '2023-12-10', 'Ücretli', 'Mustafa Toprak', 5, 'sy1234@ornek.com'),
(2848, '2023-12-10', 'Ücretli', 'Zehra Yıldırım', 6, 'cq1234@ornek.com'),
(2849, '2023-12-10', 'Ücretli', 'Ahmet Yıldız', 7, 'dm1234@ornek.com'),
(2850, '2023-12-10', 'Ücretli', 'Elif Arslan', 8, 'jf1234@ornek.com'),
(2851, '2023-12-10', 'Ücretli', 'Oğuz Yılmaz', 9, 'hl1234@ornek.com'),
(2852, '2023-12-10', 'Ücretli', 'Gizem Taş', 10, 'kb1234@ornek.com'),
(2853, '2023-12-10', 'Ücretli', 'Yusuf Güneş', 11, 'lm1234@ornek.com'),
(2854, '2023-12-10', 'Ücretli', 'Dilara Tekin', 12, 'ie1234@ornek.com'),
(2855, '2023-12-10', 'Ücretli', 'Eren Çetin', 13, 'sc1234@ornek.com'),
(2856, '2023-12-10', 'Ücretli', 'Ceren Demirci', 14, 'ai1234@ornek.com'),
(2857, '2023-12-10', 'Ücretli', 'Berfin Korkmaz', 15, 'ru1234@ornek.com'),
(2858, '2023-12-10', 'Ücretli', 'Murat Kaya', 16, 'it1234@ornek.com'),
(2859, '2023-12-10', 'Ücretli', 'Zeki Şahin', 17, 'vv1234@ornek.com'),
(2860, '2023-12-10', 'Ücretli', 'Ezgi Gürbüz', 18, 'ht1234@ornek.com'),
(2861, '2023-12-10', 'Ücretli', 'Gül Yıldız', 19, 'va1234@ornek.com'),
(2862, '2023-12-10', 'Ücretli', 'Umut Aktaş', 20, 'vn1234@ornek.com'),
(2863, '2023-12-10', 'Ücretli', 'Berk Gün', 21, 'cx1234@ornek.com'),
(2864, '2023-12-10', 'Ücretli', 'Nisa Çelik', 22, 'pm1234@ornek.com'),
(2865, '2023-12-10', 'Ücretli', 'Ali Yılmaz', 23, 'ax1234@ornek.com'),
(2866, '2023-12-10', 'Ücretli', 'Deniz Karahan', 24, 'ml1234@ornek.com'),
(2867, '2023-12-10', 'Ücretli', 'Elanur Kılıç', 25, 'ok1234@ornek.com'),
(2868, '2023-12-10', 'Ücretli', 'Ege Özdemir', 26, 'mj1234@ornek.com'),
(2869, '2023-12-10', 'Ücretli', 'Ayaz Arıkan', 27, 'ou1234@ornek.com'),
(2870, '2023-12-10', 'Ücretli', 'Zara Yıldız', 28, 'zf1234@ornek.com'),
(2871, '2023-12-10', 'Ücretli', 'Aslı Erdoğan', 29, 'gh1234@ornek.com'),
(2872, '2023-12-10', 'Ücretli', 'Can Güzel', 30, 'zp1234@ornek.com'),
(2873, '2023-12-10', 'Ücretli', 'Ekin Tuncer', 31, 'co1234@ornek.com'),
(2874, '2023-12-10', 'Ücretli', 'Ece Erkan', 32, 'rz1234@ornek.com'),
(2875, '2023-12-10', 'Ücretli', 'Mert Aydın', 33, 'tw1234@ornek.com'),
(2876, '2023-12-10', 'Ücretli', 'Defne Karadeniz', 34, 'fl1234@ornek.com'),
(2877, '2023-12-10', 'Ücretli', 'Okan Kılıç', 35, 'dm1234@ornek.com'),
(2878, '2023-12-10', 'Ücretli', 'İrem Yılmaz', 36, 'xj1234@ornek.com'),
(2879, '2023-12-10', 'Ücretli', 'Furkan Güneş', 37, 'gb1234@ornek.com'),
(2880, '2023-12-10', 'Ücretli', 'Selma Akyol', 38, 'ls1234@ornek.com'),
(2881, '2023-12-10', 'Ücretli', 'Onur Aydın', 39, 'sb1234@ornek.com'),
(2882, '2023-12-10', 'Ücretli', 'Selin Ateş', 40, 'nf1234@ornek.com'),
(2883, '2023-12-10', 'Ücretli', 'Yasir Can', 41, 'qw1234@ornek.com'),
(2884, '2023-12-10', 'Ücretli', 'Şeyma Arslan', 42, 'vt1234@ornek.com'),
(2885, '2023-12-10', 'Ücretli', 'Emir Yıldırım', 43, 'uk1234@ornek.com'),
(2886, '2023-12-10', 'Ücretli', 'İlayda Ay', 44, 'nb1234@ornek.com'),
(2887, '2023-12-10', 'Ücretli', 'Yavuz Tuncer', 45, 'dr1234@ornek.com'),
(2888, '2023-12-10', 'Ücretli', 'Sude Yılmaz', 46, 'fw1234@ornek.com'),
(2889, '2023-12-10', 'Ücretli', 'Serkan Kaya', 47, 'di1234@ornek.com'),
(2890, '2023-12-10', 'Ücretli', 'Esra Yılmaz', 48, 'rl1234@ornek.com'),
(2891, '2023-12-10', 'Ücretli', 'Emine Arıkan', 49, 'ys1234@ornek.com'),
(2892, '2023-12-10', 'Ücretli', 'Eray Yıldırım', 50, 'fy1234@ornek.com'),
(2893, '2023-12-10', 'Ücretli', 'Gabriel Russo', 51, 'zm1234@ornek.com'),
(2894, '2023-12-10', 'Ücretli', 'Alessia Rizzo', 52, 'uq1234@ornek.com'),
(2895, '2023-12-10', 'Ücretli', 'Mateo Fernandez', 53, 'dg1234@ornek.com'),
(2896, '2023-12-10', 'Ücretli', 'Olivia Moretti', 54, 'oe1234@ornek.com'),
(2897, '2023-12-10', 'Ücretli', 'Benjamin Santoro', 55, 'fq1234@ornek.com'),
(2898, '2023-12-10', 'Ücretli', 'Elena Rossi', 56, 'po1234@ornek.com'),
(2899, '2023-12-10', 'Ücretli', 'Miguel Hernandez', 57, 'bi1234@ornek.com'),
(2900, '2023-12-10', 'Ücretli', 'Sophie Martin', 58, 'vo1234@ornek.com'),
(2901, '2023-12-10', 'Ücretli', 'Leo Costa', 59, 'hu1234@ornek.com'),
(2902, '2023-12-10', 'Ücretli', 'Emma Colombo', 60, 'jl1234@ornek.com'),
(2903, '2023-12-10', 'Ücretli', 'Lucas De Luca', 61, 'rj1234@ornek.com'),
(2904, '2023-12-10', 'Ücretli', 'Isabella Ferrari', 62, 'xh1234@ornek.com'),
(2905, '2023-12-10', 'Ücretli', 'Nicolas Bellini', 63, 'eb1234@ornek.com'),
(2906, '2023-12-10', 'Ücretli', 'Luna Ricci', 64, 'rd1234@ornek.com'),
(2907, '2023-12-10', 'Ücretli', 'Oliver Ricciardi', 70, 'zp1234@ornek.com'),
(2908, '2023-12-10', 'Ücretli', 'Liam Greco', 71, 'yz1234@ornek.com'),
(2909, '2023-12-10', 'Ücretli', 'Emma Lombardi', 72, 'ks1234@ornek.com'),
(2910, '2023-12-10', 'Ücretli', 'Mia Romano', 73, 'dh1234@ornek.com'),
(2911, '2023-12-10', 'Ücretli', 'Ethan Messina', 74, 'nj1234@ornek.com'),
(2912, '2023-12-10', 'Ücretli', 'Ava Martini', 75, 'gj1234@ornek.com'),
(2913, '2023-12-10', 'Ücretli', 'Lucas Bruno', 76, 'th1234@ornek.com'),
(2914, '2023-12-10', 'Ücretli', 'Sophie Rinaldi', 77, 'yj1234@ornek.com'),
(2915, '2023-12-10', 'Ücretli', 'Liam Marchetti', 78, 'fl1234@ornek.com'),
(2916, '2023-12-10', 'Ücretli', 'Oliver Santoro', 79, 'xr1234@ornek.com'),
(2917, '2023-12-10', 'Ücretli', 'Ava Vitale', 80, 'fb1234@ornek.com'),
(2918, '2023-12-10', 'Ücretli', 'Nicole Bianco', 81, 'bi1234@ornek.com'),
(2919, '2023-12-10', 'Ücretli', 'Lucas Ferrari', 82, 'pj1234@ornek.com'),
(2920, '2023-12-10', 'Ücretli', 'Eva De Rosa', 83, 'oj1234@ornek.com'),
(2921, '2023-12-10', 'Ücretli', 'Gabriel Conti', 84, 'ku1234@ornek.com'),
(2922, '2023-12-10', 'Ücretli', 'Sophia Vitale', 85, 'kr1234@ornek.com'),
(2923, '2023-12-10', 'Ücretli', 'Aiden Caruso', 86, 'jy1234@ornek.com'),
(2924, '2023-12-10', 'Ücretli', 'Isabella Russo', 87, 'nn1234@ornek.com'),
(2925, '2023-12-10', 'Ücretli', 'Leo Bellini', 88, 'va1234@ornek.com'),
(2926, '2023-12-10', 'Ücretli', 'Emma Moretti', 89, 'gx1234@ornek.com'),
(2927, '2023-12-10', 'Ücretli', 'Lucas Amato', 90, 'id1234@ornek.com'),
(2928, '2023-12-10', 'Ücretli', 'Ava Costa', 91, 'zy1234@ornek.com'),
(2929, '2023-12-10', 'Ücretli', 'Mia Sorrentino', 92, 'id1234@ornek.com'),
(2930, '2023-12-10', 'Ücretli', 'Noah Mancini', 93, 'qm1234@ornek.com'),
(2931, '2023-12-10', 'Ücretli', 'Selim Yılmaz', 94, 'lc1234@ornek.com'),
(2932, '2023-12-10', 'Ücretli', 'Deniz Şahin', 95, 'fr1234@ornek.com'),
(2933, '2023-12-10', 'Öğrenci', 'Ali Yılmaz', 1, 'jf1234@ornek.com'),
(2934, '2023-12-10', 'Ücretli', 'Elif Çelik', 96, 'cy1234@ornek.com'),
(2935, '2023-12-10', 'İndirimli', 'Ayşe Demir', 2, 'xy1234@ornek.com'),
(2936, '2023-12-10', 'Ücretli', 'Cem Arslan', 97, 'dv1234@ornek.com'),
(2937, '2023-12-10', 'Öğrenci', 'Mehmet Kaya', 3, 'xs1234@ornek.com'),
(2938, '2023-12-10', 'Ücretli', 'Ege Kaya', 98, 'ig1234@ornek.com'),
(2939, '2023-12-10', 'İndirimli', 'Zeynep Çelik', 4, 'cx1234@ornek.com'),
(2940, '2023-12-10', 'Ücretli', 'Beyza Aksoy', 99, 'oz1234@ornek.com'),
(2941, '2023-12-10', 'Öğrenci', 'Mustafa Arslan', 5, 'oy1234@ornek.com'),
(2942, '2023-12-10', 'Ücretli', 'Ozan Yıldız', 100, 'ri1234@ornek.com'),
(2943, '2023-12-10', 'İndirimli', 'Elif Yıldız', 6, 'xe1234@ornek.com'),
(2944, '2023-12-10', 'Ücretli', 'Selin Güneş', 101, 'ds1234@ornek.com'),
(2945, '2023-12-10', 'Öğrenci', 'Emir Koç', 7, 'uw1234@ornek.com'),
(2946, '2023-12-10', 'Ücretli', 'Kerem Demir', 102, 'gk1234@ornek.com'),
(2947, '2023-12-10', 'İndirimli', 'Ceren Şahin', 8, 'vp1234@ornek.com'),
(2948, '2023-12-10', 'Ücretli', 'Nazlı Çetin', 103, 'gh1234@ornek.com'),
(2949, '2023-12-10', 'Öğrenci', 'Efe Aydın', 9, 'dm1234@ornek.com'),
(2950, '2023-12-10', 'Ücretli', 'Mert Karadeniz', 104, 'sm1234@ornek.com'),
(2951, '2023-12-10', 'İndirimli', 'Zara Erdoğan', 10, 'ja1234@ornek.com'),
(2952, '2023-12-10', 'Ücretli', 'Aslı Akça', 105, 'yx1234@ornek.com'),
(2953, '2023-12-10', 'Öğrenci', 'Ahmet Aksoy', 11, 'ub1234@ornek.com'),
(2954, '2023-12-10', 'Ücretli', 'Emir Aydın', 106, 'vy1234@ornek.com'),
(2955, '2023-12-10', 'İndirimli', 'Gizem Çınar', 12, 'up1234@ornek.com'),
(2956, '2023-12-10', 'Ücretli', 'Nisan Türk', 107, 'eo1234@ornek.com'),
(2957, '2023-12-10', 'Öğrenci', 'Umut Doğan', 13, 'qe1234@ornek.com'),
(2958, '2023-12-10', 'Ücretli', 'Can Erdoğan', 108, 'wk1234@ornek.com'),
(2959, '2023-12-10', 'İndirimli', 'Sevgi Ekinci', 14, 'aj1234@ornek.com'),
(2960, '2023-12-10', 'Ücretli', 'Aylin Ateş', 109, 'cb1234@ornek.com'),
(2961, '2023-12-10', 'Öğrenci', 'Kerem Gür', 15, 'sk1234@ornek.com'),
(2962, '2023-12-10', 'Ücretli', 'Okan Kılıç', 110, 'ss1234@ornek.com'),
(2963, '2023-12-10', 'İndirimli', 'Selin Hacıoğlu', 16, 'mg1234@ornek.com'),
(2964, '2023-12-10', 'Ücretli', 'Cemre Doğan', 111, 'yl1234@ornek.com'),
(2965, '2023-12-10', 'Öğrenci', 'Berk İlhan', 17, 'vd1234@ornek.com'),
(2966, '2023-12-10', 'Ücretli', 'Efe Öztürk', 112, 'os1234@ornek.com'),
(2967, '2023-12-10', 'İndirimli', 'Cansu Karahan', 18, 'qe1234@ornek.com'),
(2968, '2023-12-10', 'Ücretli', 'Melis Yüksel', 113, 'iv1234@ornek.com'),
(2969, '2023-12-10', 'Öğrenci', 'Deniz Karakaş', 19, 'it1234@ornek.com'),
(2970, '2023-12-10', 'Ücretli', 'Arda Özdemir', 114, 'hg1234@ornek.com'),
(2971, '2023-12-10', 'İndirimli', 'Elif Kaya', 20, 'zk1234@ornek.com'),
(2972, '2023-12-10', 'Ücretli', 'Ayşe Yalçın', 115, 'ac1234@ornek.com'),
(2973, '2023-12-10', 'Öğrenci', 'Furkan Köse', 21, 'rl1234@ornek.com'),
(2974, '2023-12-10', 'Ücretli', 'Can Kaya', 116, 'is1234@ornek.com'),
(2975, '2023-12-10', 'İndirimli', 'Gülhan Mutlu', 22, 'xw1234@ornek.com'),
(2976, '2023-12-10', 'Ücretli', 'Yasin Akın', 117, 'sy1234@ornek.com'),
(2977, '2023-12-10', 'Öğrenci', 'Hüseyin Onat', 23, 'ee1234@ornek.com'),
(2978, '2023-12-10', 'Ücretli', 'Zara Şener', 118, 'vn1234@ornek.com'),
(2979, '2023-12-10', 'İndirimli', 'İrem Orhan', 24, 'yw1234@ornek.com'),
(2980, '2023-12-10', 'Ücretli', 'Ela Çiçek', 119, 'xg1234@ornek.com'),
(2981, '2023-12-10', 'Öğrenci', 'Jale Pekgöz', 25, 'bp1234@ornek.com'),
(2982, '2023-12-10', 'Ücretli', 'Kaan Demirtaş', 120, 'dy1234@ornek.com'),
(2983, '2023-12-10', 'İndirimli', 'Kadir Sağlam', 26, 'qo1234@ornek.com'),
(2984, '2023-12-10', 'Ücretli', 'Cemile Ünlü', 121, 'tt1234@ornek.com'),
(2985, '2023-12-10', 'Öğrenci', 'Lale Taş', 27, 'hc1234@ornek.com'),
(2986, '2023-12-10', 'Ücretli', 'Kerem Kara', 122, 'wk1234@ornek.com'),
(2987, '2023-12-10', 'İndirimli', 'Mehmet Uzun', 28, 'rq1234@ornek.com'),
(2988, '2023-12-10', 'Ücretli', 'Ceren Özkan', 123, 'yn1234@ornek.com'),
(2989, '2023-12-10', 'Öğrenci', 'Nesrin Varlık', 29, 'dy1234@ornek.com'),
(2990, '2023-12-10', 'Ücretli', 'Deniz Uzun', 124, 'xp1234@ornek.com'),
(2991, '2023-12-10', 'İndirimli', 'Okan Yıldırım', 30, 'yr1234@ornek.com'),
(2992, '2023-12-10', 'Ücretli', 'Emirhan Çetinkaya', 125, 'bt1234@ornek.com'),
(2993, '2023-12-10', 'Öğrenci', 'Pelin Yılmaz', 31, 'lq1234@ornek.com'),
(2994, '2023-12-10', 'Ücretli', 'Esra Yılmaz', 126, 'uf1234@ornek.com'),
(2995, '2023-12-10', 'İndirimli', 'Rüzgar Akın', 32, 'do1234@ornek.com'),
(2996, '2023-12-10', 'Ücretli', 'İrem Koç', 127, 'ou1234@ornek.com'),
(2997, '2023-12-10', 'Öğrenci', 'Simge Bilgin', 33, 'tg1234@ornek.com'),
(2998, '2023-12-10', 'Ücretli', 'Yunus Aktaş', 128, 'lb1234@ornek.com'),
(2999, '2023-12-10', 'İndirimli', 'Tarık Coşkun', 34, 'ew1234@ornek.com'),
(3000, '2023-12-10', 'Ücretli', 'Elif Şahin', 129, 'gr1234@ornek.com'),
(3001, '2023-12-10', 'Öğrenci', 'Ümit Demirtaş', 35, 'rv1234@ornek.com'),
(3002, '2023-12-10', 'Ücretli', 'Burak Yıldız', 130, 'bk1234@ornek.com'),
(3003, '2023-12-10', 'İndirimli', 'Vildan Ekinci', 36, 'ie1234@ornek.com'),
(3004, '2023-12-10', 'Ücretli', 'Aslıhan Türkoğlu', 131, 'iw1234@ornek.com'),
(3005, '2023-12-10', 'Öğrenci', 'Yiğit Fidan', 37, 'jm1234@ornek.com'),
(3006, '2023-12-10', 'Ücretli', 'Sefa Akman', 132, 'et1234@ornek.com'),
(3007, '2023-12-10', 'İndirimli', 'Zarife Gürbüz', 38, 'bi1234@ornek.com'),
(3008, '2023-12-10', 'Ücretli', 'Eylül Karakaş', 133, 'pw1234@ornek.com'),
(3009, '2023-12-10', 'Öğrenci', 'Adnan Halit', 39, 'qq1234@ornek.com'),
(3010, '2023-12-10', 'Ücretli', 'Efe Gürsoy', 134, 'ot1234@ornek.com'),
(3011, '2023-12-10', 'İndirimli', 'Begüm Işıklı', 40, 'nu1234@ornek.com'),
(3012, '2023-12-10', 'Ücretli', 'Selin Şentürk', 135, 'sa1234@ornek.com'),
(3013, '2023-12-10', 'Öğrenci', 'Cihan Jalal', 41, 'hj1234@ornek.com'),
(3014, '2023-12-10', 'Ücretli', 'Bora Arslan', 136, 'lm1234@ornek.com'),
(3015, '2023-12-10', 'İndirimli', 'Dilek Kara', 42, 'wj1234@ornek.com'),
(3016, '2023-12-10', 'Ücretli', 'Aylin Çınar', 137, 'ib1234@ornek.com'),
(3017, '2023-12-10', 'Öğrenci', 'Emre Kaya', 43, 'vo1234@ornek.com'),
(3018, '2023-12-10', 'Ücretli', 'Okan Koç', 138, 'kd1234@ornek.com'),
(3019, '2023-12-10', 'İndirimli', 'Fatma Kurt', 44, 'jm1234@ornek.com'),
(3020, '2023-12-10', 'Ücretli', 'Nisan Aydın', 139, 'fe1234@ornek.com'),
(3021, '2023-12-10', 'Öğrenci', 'Gazi Mutlu', 45, 'ky1234@ornek.com'),
(3022, '2023-12-10', 'Ücretli', 'Alp Avcı', 140, 'od1234@ornek.com'),
(3023, '2023-12-10', 'İndirimli', 'Hande Orhan', 46, 'fc1234@ornek.com'),
(3024, '2023-12-10', 'Ücretli', 'Ezgi Kılıç', 141, 'iu1234@ornek.com'),
(3025, '2023-12-10', 'Öğrenci', 'İlker Oğuz', 47, 'bp1234@ornek.com'),
(3026, '2023-12-12', 'İndirimli', 'Mustafa', 3, 'tc1234@ornek.com'),
(3027, '2023-12-13', 'Öğrenci', 'Ali Yılmaz', 1, 'kh1234@ornek.com'),
(3028, '2023-12-13', 'İndirimli', 'Ayşe Demir', 2, 'hs1234@ornek.com'),
(3029, '2023-12-13', 'Öğrenci', 'Mehmet Kaya', 3, 'pv1234@ornek.com'),
(3030, '2023-12-13', 'İndirimli', 'Zeynep Çelik', 4, 'vl1234@ornek.com'),
(3031, '2023-12-13', 'Öğrenci', 'Mustafa Arslan', 5, 'cl1234@ornek.com'),
(3032, '2023-12-13', 'İndirimli', 'Elif Yıldız', 6, 'yi1234@ornek.com'),
(3033, '2023-12-13', 'Öğrenci', 'Emir Koç', 7, 'ea1234@ornek.com'),
(3034, '2023-12-13', 'İndirimli', 'Ceren Şahin', 8, 'lu1234@ornek.com'),
(3035, '2023-12-13', 'Öğrenci', 'Efe Aydın', 9, 'dn1234@ornek.com'),
(3036, '2023-12-13', 'İndirimli', 'Zara Erdoğan', 10, 'el1234@ornek.com'),
(3037, '2023-12-13', 'Öğrenci', 'Ahmet Aksoy', 11, 'wo1234@ornek.com'),
(3038, '2023-12-13', 'İndirimli', 'Gizem Çınar', 12, 'wd1234@ornek.com'),
(3039, '2023-12-13', 'Öğrenci', 'Umut Doğan', 13, 'ke1234@ornek.com'),
(3040, '2023-12-13', 'İndirimli', 'Sevgi Ekinci', 14, 'kh1234@ornek.com'),
(3041, '2023-12-13', 'Öğrenci', 'Kerem Gür', 15, 'wb1234@ornek.com'),
(3042, '2023-12-13', 'İndirimli', 'Selin Hacıoğlu', 16, 'og1234@ornek.com'),
(3043, '2023-12-13', 'Öğrenci', 'Berk İlhan', 17, 'bn1234@ornek.com'),
(3044, '2023-12-13', 'İndirimli', 'Cansu Karahan', 18, 'bs1234@ornek.com'),
(3045, '2023-12-13', 'Öğrenci', 'Deniz Karakaş', 19, 'nr1234@ornek.com'),
(3046, '2023-12-13', 'İndirimli', 'Elif Kaya', 20, 'cw1234@ornek.com'),
(3047, '2023-12-13', 'Öğrenci', 'Furkan Köse', 21, 'yn1234@ornek.com'),
(3048, '2023-12-13', 'İndirimli', 'Gülhan Mutlu', 22, 'cf1234@ornek.com'),
(3049, '2023-12-13', 'Öğrenci', 'Hüseyin Onat', 23, 'zv1234@ornek.com'),
(3050, '2023-12-13', 'İndirimli', 'İrem Orhan', 24, 'ls1234@ornek.com'),
(3051, '2023-12-13', 'Öğrenci', 'Jale Pekgöz', 25, 'se1234@ornek.com'),
(3052, '2023-12-13', 'İndirimli', 'Kadir Sağlam', 26, 'qg1234@ornek.com'),
(3053, '2023-12-13', 'Öğrenci', 'Lale Taş', 27, 'dl1234@ornek.com'),
(3054, '2023-12-13', 'İndirimli', 'Mehmet Uzun', 28, 'tk1234@ornek.com'),
(3055, '2023-12-13', 'Öğrenci', 'Nesrin Varlık', 29, 'jq1234@ornek.com'),
(3056, '2023-12-13', 'İndirimli', 'Okan Yıldırım', 30, 'qw1234@ornek.com'),
(3057, '2023-12-13', 'Öğrenci', 'Pelin Yılmaz', 31, 'bq1234@ornek.com'),
(3058, '2023-12-13', 'İndirimli', 'Rüzgar Akın', 32, 'wo1234@ornek.com'),
(3059, '2023-12-13', 'Öğrenci', 'Simge Bilgin', 33, 'gr1234@ornek.com'),
(3060, '2023-12-13', 'İndirimli', 'Tarık Coşkun', 34, 'in1234@ornek.com'),
(3061, '2023-12-13', 'Öğrenci', 'Ümit Demirtaş', 35, 'aw1234@ornek.com'),
(3062, '2023-12-13', 'İndirimli', 'Vildan Ekinci', 36, 'ks1234@ornek.com'),
(3063, '2023-12-13', 'Öğrenci', 'Yiğit Fidan', 37, 'sm1234@ornek.com'),
(3064, '2023-12-13', 'İndirimli', 'Zarife Gürbüz', 38, 'yw1234@ornek.com'),
(3065, '2023-12-13', 'Öğrenci', 'Adnan Halit', 39, 'an1234@ornek.com'),
(3066, '2023-12-13', 'İndirimli', 'Begüm Işıklı', 40, 'ct1234@ornek.com'),
(3067, '2023-12-13', 'Öğrenci', 'Cihan Jalal', 41, 'ji1234@ornek.com'),
(3068, '2023-12-13', 'İndirimli', 'Dilek Kara', 42, 'ru1234@ornek.com'),
(3069, '2023-12-13', 'Öğrenci', 'Emre Kaya', 43, 'dz1234@ornek.com'),
(3070, '2023-12-13', 'İndirimli', 'Fatma Kurt', 44, 'qs1234@ornek.com'),
(3071, '2023-12-13', 'Öğrenci', 'Gazi Mutlu', 45, 'cj1234@ornek.com'),
(3072, '2023-12-13', 'İndirimli', 'Hande Orhan', 46, 'ev1234@ornek.com'),
(3073, '2023-12-13', 'Öğrenci', 'İlker Oğuz', 47, 'gy1234@ornek.com'),
(3074, '2023-12-13', 'İndirimli', 'Jülide Pala', 48, 'hk1234@ornek.com'),
(3075, '2023-12-13', 'Öğrenci', 'Kaan Sabır', 49, 'ih1234@ornek.com'),
(3076, '2023-12-13', 'İndirimli', 'Leyla Taş', 50, 'ih1234@ornek.com'),
(3077, '2023-12-13', 'Öğrenci', 'Murat Can', 51, 'ok1234@ornek.com'),
(3078, '2023-12-13', 'İndirimli', 'Zehra Nur', 52, 'gi1234@ornek.com'),
(3079, '2023-12-13', 'Öğrenci', 'Emin Korkmaz', 53, 'mu1234@ornek.com'),
(3080, '2023-12-13', 'İndirimli', 'Gülizar Yılmaz', 54, 'cw1234@ornek.com'),
(3081, '2023-12-13', 'Öğrenci', 'Oktay Çakır', 55, 'qi1234@ornek.com');
INSERT INTO `ziyaretciler` (`Giriş_id`, `Tarih`, `Giriş_türü`, `Ziyaretçi_adi`, `ziyaretçi_id`, `eposta`) VALUES
(3082, '2023-12-13', 'İndirimli', 'Meltem Arslan', 56, 'qa1234@ornek.com'),
(3083, '2023-12-13', 'Öğrenci', 'Yasin Aydın', 57, 'pq1234@ornek.com'),
(3084, '2023-12-13', 'İndirimli', 'Selma Aksoy', 58, 'kn1234@ornek.com'),
(3085, '2023-12-13', 'Öğrenci', 'Beril Kaya', 59, 'wx1234@ornek.com'),
(3086, '2023-12-13', 'İndirimli', 'Ferit Demir', 60, 'zc1234@ornek.com'),
(3087, '2023-12-13', 'Öğrenci', 'Esra Yıldız', 61, 'ic1234@ornek.com'),
(3088, '2023-12-13', 'İndirimli', 'Engin Çelik', 62, 'zp1234@ornek.com'),
(3089, '2023-12-13', 'Öğrenci', 'Sena Arslan', 63, 'bi1234@ornek.com'),
(3090, '2023-12-13', 'İndirimli', 'Ege Yıldız', 64, 'qo1234@ornek.com'),
(3091, '2023-12-13', 'Öğrenci', 'Melis Gür', 65, 'ey1234@ornek.com'),
(3092, '2023-12-13', 'İndirimli', 'Yunus Emre', 66, 'hu1234@ornek.com'),
(3093, '2023-12-13', 'Öğrenci', 'Selin Mutlu', 67, 'xk1234@ornek.com'),
(3094, '2023-12-13', 'İndirimli', 'Mert Koç', 68, 'ho1234@ornek.com'),
(3095, '2023-12-13', 'Öğrenci', 'İrem Ekinci', 69, 'dt1234@ornek.com'),
(3096, '2023-12-13', 'İndirimli', 'Kerem Şahin', 70, 'xh1234@ornek.com'),
(3097, '2023-12-13', 'Öğrenci', 'Aslı İlhan', 71, 'mk1234@ornek.com'),
(3098, '2023-12-13', 'İndirimli', 'Burak Çınar', 72, 'oc1234@ornek.com'),
(3099, '2023-12-13', 'Öğrenci', 'Ezgi Akın', 73, 'pq1234@ornek.com'),
(3100, '2023-12-13', 'İndirimli', 'Umut Koç', 74, 'ls1234@ornek.com'),
(3101, '2023-12-13', 'Öğrenci', 'Merve Yılmaz', 75, 'du1234@ornek.com'),
(3102, '2023-12-13', 'İndirimli', 'Emre Yıldırım', 76, 'vf1234@ornek.com'),
(3103, '2023-12-13', 'Öğrenci', 'Zeynep Arslan', 77, 'hp1234@ornek.com'),
(3104, '2023-12-13', 'İndirimli', 'Ali Yıldırım', 78, 'yl1234@ornek.com'),
(3105, '2023-12-13', 'Öğrenci', 'Gizem Kaya', 79, 'sy1234@ornek.com'),
(3106, '2023-12-13', 'İndirimli', 'Ufuk Yılmaz', 80, 'os1234@ornek.com'),
(3107, '2023-12-13', 'Öğrenci', 'Şebnem Demir', 81, 'nv1234@ornek.com'),
(3108, '2023-12-13', 'İndirimli', 'Erhan Taş', 82, 'jb1234@ornek.com'),
(3109, '2023-12-13', 'Öğrenci', 'Zeynep Işıklı', 83, 'um1234@ornek.com'),
(3110, '2023-12-13', 'İndirimli', 'Yavuz Onat', 84, 'ct1234@ornek.com'),
(3111, '2023-12-13', 'Öğrenci', 'Nisa Oğuz', 85, 'st1234@ornek.com'),
(3112, '2023-12-13', 'İndirimli', 'Orhan Pekgöz', 86, 'dn1234@ornek.com'),
(3113, '2023-12-13', 'Öğrenci', 'Sedef Gürbüz', 87, 'lr1234@ornek.com'),
(3114, '2023-12-13', 'İndirimli', 'Özge Halit', 88, 'jn1234@ornek.com'),
(3115, '2023-12-13', 'Öğrenci', 'Tolga Jalal', 89, 'll1234@ornek.com'),
(3116, '2023-12-13', 'İndirimli', 'Buse Kara', 90, 'pq1234@ornek.com'),
(3117, '2023-12-13', 'Öğrenci', 'Burak Işıklı', 91, 'yr1234@ornek.com'),
(3118, '2023-12-13', 'İndirimli', 'Meral Sabır', 92, 'ui1234@ornek.com'),
(3119, '2023-12-13', 'Öğrenci', 'Furkan Yılmaz', 93, 'ct1234@ornek.com'),
(3120, '2023-12-13', 'İndirimli', 'Esma Kaya', 94, 'ej1234@ornek.com'),
(3121, '2023-12-13', 'Öğrenci', 'Deniz Aksoy', 95, 'xj1234@ornek.com'),
(3122, '2023-12-13', 'İndirimli', 'Yiğit Çelik', 96, 'jm1234@ornek.com'),
(3123, '2023-12-13', 'Öğrenci', 'Ayşe Arslan', 97, 'jt1234@ornek.com'),
(3124, '2023-12-13', 'İndirimli', 'Can Koç', 98, 'ga1234@ornek.com'),
(3125, '2023-12-13', 'Öğrenci', 'Selin Şahin', 99, 'bw1234@ornek.com'),
(3126, '2023-12-13', 'İndirimli', 'Kerem Ekinci', 100, 'es1234@ornek.com'),
(3127, '2023-12-13', 'Öğrenci', 'Melis Kaya', 101, 'ep1234@ornek.com'),
(3128, '2023-12-13', 'İndirimli', 'Yasin Ekinci', 102, 'qs1234@ornek.com'),
(3129, '2023-12-13', 'Öğrenci', 'Duygu Yıldız', 103, 'me1234@ornek.com'),
(3130, '2023-12-13', 'İndirimli', 'Cemal Demir', 104, 'ps1234@ornek.com'),
(3131, '2023-12-13', 'Öğrenci', 'Şeyda Arslan', 105, 'eg1234@ornek.com'),
(3132, '2023-12-13', 'İndirimli', 'Ahmet Yılmaz', 106, 'vd1234@ornek.com'),
(3133, '2023-12-13', 'Öğrenci', 'Sude Koç', 107, 'ou1234@ornek.com'),
(3134, '2023-12-13', 'İndirimli', 'Tolga Yıldırım', 108, 'tl1234@ornek.com'),
(3135, '2023-12-13', 'Öğrenci', 'Sevim Taş', 109, 'ja1234@ornek.com'),
(3136, '2023-12-13', 'İndirimli', 'Burak Şahin', 110, 'su1234@ornek.com'),
(3137, '2023-12-13', 'Öğrenci', 'Selin Ekinci', 111, 'xx1234@ornek.com'),
(3138, '2023-12-13', 'İndirimli', 'Mehmet Yıldız', 112, 'of1234@ornek.com'),
(3139, '2023-12-13', 'Öğrenci', 'Elif Akın', 113, 'wo1234@ornek.com'),
(3140, '2023-12-13', 'İndirimli', 'Umut Çınar', 114, 'dc1234@ornek.com'),
(3141, '2023-12-13', 'Öğrenci', 'Esra Demir', 115, 'tv1234@ornek.com'),
(3142, '2023-12-13', 'İndirimli', 'Efe Şahin', 116, 'jx1234@ornek.com'),
(3143, '2023-12-13', 'Öğrenci', 'Dilara Arslan', 117, 'po1234@ornek.com'),
(3144, '2023-12-13', 'İndirimli', 'Emre Yılmaz', 118, 'oq1234@ornek.com'),
(3145, '2023-12-13', 'Öğrenci', 'İpek Aksoy', 119, 'xv1234@ornek.com'),
(3146, '2023-12-13', 'İndirimli', 'Ege Öz', 120, 'yi1234@ornek.com'),
(3147, '2023-12-13', 'Öğrenci', 'Şeyma Çelik', 121, 'jv1234@ornek.com'),
(3148, '2023-12-13', 'İndirimli', 'Can Yılmaz', 122, 'tr1234@ornek.com'),
(3149, '2023-12-13', 'Öğrenci', 'Selin Ekinci', 123, 'dp1234@ornek.com'),
(3150, '2023-12-13', 'İndirimli', 'Ege Yıldırım', 124, 'dx1234@ornek.com'),
(3151, '2023-12-13', 'Öğrenci', 'Selin Demir', 125, 'ia1234@ornek.com'),
(3152, '2023-12-13', 'İndirimli', 'Okan Yıldırım', 126, 'ga1234@ornek.com'),
(3153, '2023-12-13', 'Öğrenci', 'Begüm Kaya', 127, 'pb1234@ornek.com'),
(3154, '2023-12-13', 'İndirimli', 'Emre Koç', 128, 'pa1234@ornek.com'),
(3155, '2023-12-13', 'Öğrenci', 'Elif Yılmaz', 129, 'ak1234@ornek.com'),
(3156, '2023-12-13', 'İndirimli', 'Ahmet Ekinci', 130, 'en1234@ornek.com'),
(3157, '2023-12-13', 'Öğrenci', 'Melis Taş', 131, 'uu1234@ornek.com'),
(3158, '2023-12-13', 'İndirimli', 'Eren Arslan', 132, 'bb1234@ornek.com'),
(3159, '2023-12-13', 'Öğrenci', 'Cemre Ekinci', 133, 'lw1234@ornek.com'),
(3160, '2023-12-13', 'İndirimli', 'Yunus Yıldırım', 134, 'tq1234@ornek.com'),
(3161, '2023-12-13', 'Öğrenci', 'Sude Şahin', 135, 'jf1234@ornek.com'),
(3162, '2023-12-13', 'İndirimli', 'Mert Koç', 136, 'wu1234@ornek.com'),
(3163, '2023-12-13', 'Öğrenci', 'Nazlı Yıldız', 137, 'lz1234@ornek.com'),
(3164, '2023-12-13', 'İndirimli', 'Emir Yılmaz', 138, 'le1234@ornek.com'),
(3165, '2023-12-13', 'Öğrenci', 'Elif Şahin', 139, 'wz1234@ornek.com'),
(3166, '2023-12-13', 'İndirimli', 'Kaan Koç', 140, 'mo1234@ornek.com'),
(3167, '2023-12-13', 'Öğrenci', 'Büşra Yılmaz', 141, 'ch1234@ornek.com'),
(3168, '2023-12-13', 'İndirimli', 'Cem Ekinci', 142, 'mo1234@ornek.com'),
(3169, '2023-12-13', 'Öğrenci', 'Selin Arslan', 143, 'yv1234@ornek.com'),
(3170, '2023-12-13', 'İndirimli', 'Ege Koç', 144, 'yz1234@ornek.com'),
(3171, '2023-12-13', 'Öğrenci', 'Eylül Yıldız', 145, 'ab1234@ornek.com'),
(3172, '2023-12-13', 'İndirimli', 'Okan Koç', 146, 'vp1234@ornek.com'),
(3173, '2023-12-13', 'Öğrenci', 'Ezgi Şahin', 147, 'zg1234@ornek.com'),
(3174, '2023-12-13', 'İndirimli', 'Kaan Ekinci', 148, 'mr1234@ornek.com'),
(3175, '2023-12-13', 'Öğrenci', 'Büşra Arslan', 149, 'tz1234@ornek.com'),
(3176, '2023-12-13', 'İndirimli', 'Deniz Koç', 150, 'gi1234@ornek.com');

--
-- Dökümü yapılmış tablolar için indeksler
--

--
-- Tablo için indeksler `aylik_satis`
--
ALTER TABLE `aylik_satis`
  ADD PRIMARY KEY (`satıs_id`),
  ADD KEY `aylik_satis_etkinlikler_EtkinlikID_fk` (`EtkinlikID`);

--
-- Tablo için indeksler `calisanlar`
--
ALTER TABLE `calisanlar`
  ADD PRIMARY KEY (`CalısanID`);

--
-- Tablo için indeksler `calisan_salon_iliskisi`
--
ALTER TABLE `calisan_salon_iliskisi`
  ADD PRIMARY KEY (`CalisanID`,`SalonID`),
  ADD KEY `calisansaloniliskisi_salonlar_SalonID_fk` (`SalonID`);

--
-- Tablo için indeksler `eserler`
--
ALTER TABLE `eserler`
  ADD PRIMARY KEY (`EserID`),
  ADD KEY `eserler_sanatci_SanatciID_fk` (`SanatciID`),
  ADD KEY `eserler_muze_MuzeID_fk` (`müze_id`);

--
-- Tablo için indeksler `etkinlikler`
--
ALTER TABLE `etkinlikler`
  ADD PRIMARY KEY (`EtkinlikID`),
  ADD KEY `etkinlikler_salonlar_SalonID_fk` (`SalonID`);

--
-- Tablo için indeksler `muze`
--
ALTER TABLE `muze`
  ADD PRIMARY KEY (`MuzeID`);

--
-- Tablo için indeksler `salonlar`
--
ALTER TABLE `salonlar`
  ADD PRIMARY KEY (`SalonID`),
  ADD KEY `salonlar_muze_MuzeID_fk` (`müze_id`);

--
-- Tablo için indeksler `sanatci`
--
ALTER TABLE `sanatci`
  ADD PRIMARY KEY (`SanatciID`);

--
-- Tablo için indeksler `sanatcı_eser_iliskisi`
--
ALTER TABLE `sanatcı_eser_iliskisi`
  ADD PRIMARY KEY (`SanatciID`,`EserID`),
  ADD KEY `sanatcieseriliskisi_eserler_EserID_fk` (`EserID`);

--
-- Tablo için indeksler `ziyaretciler`
--
ALTER TABLE `ziyaretciler`
  ADD PRIMARY KEY (`Giriş_id`);

--
-- Dökümü yapılmış tablolar için AUTO_INCREMENT değeri
--

--
-- Tablo için AUTO_INCREMENT değeri `calisanlar`
--
ALTER TABLE `calisanlar`
  MODIFY `CalısanID` int(11) NOT NULL AUTO_INCREMENT, AUTO_INCREMENT=81;

--
-- Tablo için AUTO_INCREMENT değeri `eserler`
--
ALTER TABLE `eserler`
  MODIFY `EserID` int(11) NOT NULL AUTO_INCREMENT, AUTO_INCREMENT=300;

--
-- Tablo için AUTO_INCREMENT değeri `sanatci`
--
ALTER TABLE `sanatci`
  MODIFY `SanatciID` int(11) NOT NULL AUTO_INCREMENT, AUTO_INCREMENT=61;

--
-- Tablo için AUTO_INCREMENT değeri `ziyaretciler`
--
ALTER TABLE `ziyaretciler`
  MODIFY `Giriş_id` int(11) NOT NULL AUTO_INCREMENT, AUTO_INCREMENT=3177;

--
-- Dökümü yapılmış tablolar için kısıtlamalar
--

--
-- Tablo kısıtlamaları `aylik_satis`
--
ALTER TABLE `aylik_satis`
  ADD CONSTRAINT `aylik_satis_etkinlikler_EtkinlikID_fk` FOREIGN KEY (`EtkinlikID`) REFERENCES `etkinlikler` (`EtkinlikID`);

--
-- Tablo kısıtlamaları `calisan_salon_iliskisi`
--
ALTER TABLE `calisan_salon_iliskisi`
  ADD CONSTRAINT `calisansaloniliskisi_calisanlar_CalisanID_fk` FOREIGN KEY (`CalisanID`) REFERENCES `calisanlar` (`CalısanID`),
  ADD CONSTRAINT `calisansaloniliskisi_salonlar_SalonID_fk` FOREIGN KEY (`SalonID`) REFERENCES `salonlar` (`SalonID`);

--
-- Tablo kısıtlamaları `eserler`
--
ALTER TABLE `eserler`
  ADD CONSTRAINT `eserler_muze_MuzeID_fk` FOREIGN KEY (`müze_id`) REFERENCES `muze` (`MuzeID`),
  ADD CONSTRAINT `eserler_sanatci_SanatciID_fk` FOREIGN KEY (`SanatciID`) REFERENCES `sanatci` (`SanatciID`);

--
-- Tablo kısıtlamaları `etkinlikler`
--
ALTER TABLE `etkinlikler`
  ADD CONSTRAINT `etkinlikler_salonlar_SalonID_fk` FOREIGN KEY (`SalonID`) REFERENCES `salonlar` (`SalonID`);

--
-- Tablo kısıtlamaları `salonlar`
--
ALTER TABLE `salonlar`
  ADD CONSTRAINT `salonlar_muze_MuzeID_fk` FOREIGN KEY (`müze_id`) REFERENCES `muze` (`MuzeID`);

--
-- Tablo kısıtlamaları `sanatcı_eser_iliskisi`
--
ALTER TABLE `sanatcı_eser_iliskisi`
  ADD CONSTRAINT `sanatcieseriliskisi_eserler_EserID_fk` FOREIGN KEY (`EserID`) REFERENCES `eserler` (`EserID`),
  ADD CONSTRAINT `sanatcieseriliskisi_sanatci_SanatciID_fk` FOREIGN KEY (`SanatciID`) REFERENCES `sanatci` (`SanatciID`);
COMMIT;

/*!40101 SET CHARACTER_SET_CLIENT=@OLD_CHARACTER_SET_CLIENT */;
/*!40101 SET CHARACTER_SET_RESULTS=@OLD_CHARACTER_SET_RESULTS */;
/*!40101 SET COLLATION_CONNECTION=@OLD_COLLATION_CONNECTION */;
